1400371960,2,2.8515,64.9200,949183
1400371960,2,10.0000,64.9000,949184
1400371960,2,546.7772,64.9000,949185
1400372239,1,8.5314,64.9300,949186
1400372244,1,6.9836,64.9300,949187
1400372430,1,2.8500,64.9300,949188
1400372432,2,82.3320,64.9300,949189
1400372574,1,0.2660,64.9100,949190
1400372589,1,0.1860,64.9100,949191
1400372604,1,0.1310,64.9100,949192
1400372631,1,3.1190,64.9100,949193
1400372643,1,1.0000,64.9100,949194
1400372644,1,1.0000,64.9100,949195
1400372644,1,6.3464,64.9100,949196
1400372646,1,3.1190,64.9100,949197
1400372661,1,2.3700,64.9100,949198
1400372665,2,0.5930,64.9000,949199
1400372666,2,0.1000,64.9000,949200
1400372668,2,0.1000,64.9000,949201
1400372670,2,0.1000,64.9000,949202
1400372671,2,0.1000,64.9000,949203
1400372674,1,98.8680,64.9100,949204
1400372674,2,0.1000,64.9000,949205
1400372713,1,1.8440,64.9100,949206
1400372727,1,1.2310,64.9100,949207
1400372742,1,0.8320,64.9100,949208
1400372845,1,108.2330,64.9100,949209
1400372912,1,3.1190,64.9200,949210
1400372927,1,3.1190,64.9200,949211
1400372927,1,2.0000,64.9200,949212
1400372942,1,3.1190,64.9200,949213
1400372965,2,0.4478,64.9000,949214
1400372967,1,82.3700,64.9000,949215
1400372975,1,65.7690,64.9000,949216
1400372980,1,30.0000,64.9000,949217
1400372982,1,2.4427,64.9000,949218
1400372991,1,2.3573,64.9200,949219
1400373213,1,3.8010,64.9100,949220
1400373228,1,7.4010,64.9100,949221
1400373243,1,5.1810,64.9100,949222
1400373257,1,4.7400,64.9100,949223
1400373272,1,4.7400,64.9100,949224
1400373287,1,3.1190,64.9100,949225
1400373302,1,3.1190,64.9100,949226
1400374390,1,10.0000,64.9100,949227
1400374812,2,10.0000,64.8800,949228
1400374821,1,10.0000,64.8800,949229
1400374830,1,8.8070,64.9100,949230
1400375511,1,10.0000,64.9100,949231
1400376008,2,88.3380,64.8700,949232
1400376032,1,39.0920,64.9100,949233
1400376032,1,48.9080,64.9100,949234
1400376087,2,46.6620,64.8700,949235
1400376087,2,26.0975,64.8700,949236
1400376121,2,15.0000,64.9000,949237
1400376459,1,19.8804,64.9100,949238
1400376466,1,10.1196,64.9100,949239
1400376499,2,99.1800,64.9000,949240
1400376500,2,140.6000,64.9000,949241
1400376501,2,15.8000,64.9000,949242
1400376501,2,12.0000,64.9000,949243
1400376503,2,40.0000,64.9000,949244
1400376508,2,20.2256,64.9000,949245
1400376530,2,26.0975,64.9000,949246
1400376740,1,20.0000,64.9200,949247
1400377069,1,10.0000,64.9200,949248
1400377069,1,5.8000,64.9200,949249
1400377069,1,4.2000,64.9200,949250
1400377075,1,1.0000,64.9100,949251
1400377094,1,0.5700,64.9300,949252
1400377275,1,1.0000,64.9200,949253
1400377716,1,7.4300,64.9300,949254
1400377716,1,8.0000,64.9300,949255
1400377716,1,2.6924,64.9300,949256
1400377716,1,948.2440,64.9300,949257
1400378084,1,0.1000,64.9700,949258
1400378309,1,30.0000,64.9700,949259
1400378396,1,9.9000,64.9700,949260
1400378396,1,370.8120,64.9700,949261
1400378921,1,142.1880,64.9700,949262
1400378921,1,80.4820,64.9700,949263
1400378994,1,119.5180,64.9700,949264
1400379003,2,0.1000,64.9700,949265
1400379059,1,0.1000,64.9700,949266
1400379061,1,0.1000,64.9700,949267
1400379128,1,2.8506,64.9900,949268
1400379128,1,7.5481,64.9900,949269
1400379128,1,10.0000,64.9900,949270
1400379128,1,79.6013,64.9900,949271
1400379368,2,0.1000,64.9700,949272
1400379905,2,1.0000,64.9500,949273
1400379905,1,0.1000,64.9700,949274
1400379906,2,40.0000,64.9700,949275
1400379906,2,16.2857,64.9700,949276
1400379907,2,1.0000,64.9700,949277
1400379907,2,1.0000,64.9700,949278
1400379908,2,1.0000,64.9700,949279
1400379908,2,61.8570,64.9700,949280
1400379909,2,121.1427,64.9500,949281
1400380082,2,27.8573,64.9500,949282
1400380085,1,32.9027,64.9400,949283
1400380755,2,19.5600,64.9300,949284
1400380755,2,0.4400,64.9300,949285
1400380996,1,0.1000,64.9700,949286
1400381013,1,2.9330,64.9900,949287
1400381026,1,12.0670,64.9900,949288
1400381026,1,3.2259,64.9900,949289
1400381096,2,2.1410,64.9500,949290
1400381178,2,2.1410,64.9400,949291
1400381184,2,2.1397,64.9400,949292
1400381574,2,2.1389,64.9400,949293
1400381582,2,0.4281,64.9400,949294
1400381582,2,1.7108,64.9400,949295
1400381589,2,2.1389,64.9400,949296
1400381597,2,2.1418,64.9400,949297
1400381605,2,2.1389,64.9400,949298
1400381612,2,2.1389,64.9400,949299
1400381620,2,2.1389,64.9400,949300
1400382006,1,99.1000,64.9500,949301
1400382070,2,122.4800,64.9400,949302
1400382072,1,73.5854,64.9400,949303
1400382074,2,12.0000,64.9400,949304
1400382077,2,200.0000,64.9300,949305
1400382077,2,7.6377,64.9200,949306
1400382077,2,1.0000,64.9100,949307
1400382077,2,3.0000,64.9100,949308
1400382077,2,2.8513,64.9000,949309
1400382077,2,25.5110,64.9000,949310
1400382151,2,1.7530,64.9100,949311
1400382151,2,58.2470,64.9100,949312
1400382317,2,1.0000,64.9200,949313
1400382319,2,1.0000,64.9200,949314
1400382320,2,12.6000,64.9200,949315
1400382320,2,10.0000,64.9200,949316
1400382321,2,22.6000,64.9000,949317
1400382322,2,1.7530,64.9000,949318
1400382327,2,1.0000,64.9000,949319
1400382329,2,1.0000,64.9000,949320
1400382330,2,1.2300,64.9000,949321
1400382347,2,1.2300,64.9000,949322
1400382349,2,13.7453,64.9000,949323
1400382355,2,2.4692,64.9000,949324
1400382355,2,21.8420,64.9000,949325
1400382355,2,45.2048,64.9000,949326
1400382364,2,3.9555,64.9000,949327
1400382381,2,3.5424,64.9000,949328
1400382387,2,1.0100,64.9000,949329
1400382395,2,59.0799,64.9000,949330
1400382412,2,3.5424,64.9000,949331
1400382424,2,24.1070,64.9000,949332
1400382429,2,3.5424,64.9000,949333
1400382446,2,3.5424,64.9000,949334
1400382500,2,1.0000,64.9000,949335
1400382520,2,51.4732,64.9000,949336
1400382538,1,5.0000,64.9200,949337
1400382539,2,1.7540,64.8600,949338
1400382539,2,3.2460,64.8500,949339
1400382766,1,1.7540,64.8900,949340
1400382766,1,15.0000,64.8900,949341
1400382769,2,46.5352,64.8900,949342
1400382811,2,2.1385,64.8600,949343
1400382817,2,2.1385,64.8600,949344
1400382820,1,109.4830,64.9000,949345
1400382821,2,45.1669,64.9000,949346
1400382823,2,9.1300,64.8700,949347
1400382838,2,2.1387,64.8700,949348
1400382882,2,1.1193,64.8700,949349
1400382895,2,0.7836,64.8700,949350
1400382895,2,0.7836,64.8700,949351
1400382895,2,1.0448,64.8700,949352
1400382901,2,1.7550,64.8500,949353
1400382901,2,96.2950,64.8400,949354
1400382910,2,1.7550,64.8300,949355
1400382911,2,19.5733,64.8300,949356
1400382920,1,125.8061,64.8400,949357
1400382920,1,703.2684,64.8400,949358
1400382927,2,2.1384,64.8400,949359
1400382934,2,2.1395,64.8400,949360
1400382941,2,2.1395,64.8400,949361
1400382949,2,2.1368,64.8400,949362
1400382956,2,2.1400,64.8400,949363
1400382962,2,2.1372,64.8400,949364
1400382969,2,2.1369,64.8400,949365
1400382976,2,2.1369,64.8500,949366
1400382983,2,2.1400,64.8500,949367
1400382989,2,2.1373,64.8500,949368
1400382991,2,0.1000,64.8500,949369
1400382993,2,0.1000,64.8500,949370
1400382997,2,2.1373,64.8500,949371
1400382999,2,0.1000,64.8500,949372
1400382999,2,71.1485,64.8500,949373
1400382999,2,0.1000,64.8400,949374
1400383004,2,2.1400,64.8400,949375
1400383004,2,1.9301,64.8400,949376
1400383011,2,2.1380,64.8300,949377
1400383017,2,2.1364,64.8300,949378
1400383023,2,138.2973,64.8300,949379
1400383029,2,20.0093,64.8200,949380
1400383029,2,59.6434,64.8100,949381
1400383031,2,2.1385,64.8100,949382
1400383038,2,2.1371,64.8100,949383
1400383043,2,14.3763,64.8100,949384
1400383046,2,2.1385,64.8100,949385
1400383052,2,2.1378,64.8100,949386
1400383066,2,11.0000,64.8100,949387
1400383069,2,25.9731,64.8100,949388
1400383070,2,61.7353,64.8100,949389
1400383070,2,0.5000,64.8100,949390
1400383070,2,0.1000,64.8000,949391
1400383070,2,25.8731,64.8000,949392
1400383070,2,5.0000,64.8000,949393
1400383088,2,10.3040,64.8000,949394
1400383089,2,17.0556,64.8000,949395
1400383095,2,49.9000,64.8000,949396
1400383124,1,2.1364,64.8300,949397
1400383124,1,2.1363,64.8300,949398
1400383160,2,39.3940,64.8000,949399
1400383161,2,39.7131,64.8000,949400
1400383194,2,441.0668,64.8000,949401
1400383207,2,0.1126,64.8000,949402
1400383207,2,20.3529,64.8000,949403
1400383218,2,179.6471,64.8000,949404
1400383218,2,8.3529,64.7800,949405
1400383230,1,2.9924,64.8100,949406
1400383331,2,1.6471,64.7800,949407
1400383331,2,2.4063,64.7700,949408
1400383331,2,128.5380,64.7700,949409
1400383352,1,0.1000,64.8000,949410
1400383353,1,0.2565,64.8000,949411
1400383354,1,0.1000,64.8000,949412
1400383361,1,50.0009,64.8000,949413
1400383367,1,12.7700,64.8000,949414
1400383402,1,0.0003,64.8000,949415
1400383453,1,14.8719,64.8200,949416
1400383454,1,1.0699,64.8400,949417
1400383454,1,3.0000,64.8400,949418
1400383454,1,10.8011,64.8600,949419
1400383458,1,1.6250,64.8600,949420
1400383489,2,2.1375,64.8200,949421
1400383500,1,0.0427,64.8500,949422
1400383520,1,15.8680,64.8400,949423
1400383523,2,8.8625,64.8200,949424
1400383524,2,0.0997,64.8000,949425
1400383524,2,0.1000,64.8000,949426
1400383524,2,8.7057,64.7700,949427
1400383580,2,0.0429,64.8100,949428
1400383580,2,19.0991,64.8100,949429
1400383583,2,0.0009,64.8100,949430
1400383586,1,99.1400,64.8100,949431
1400383587,1,153.4005,64.8100,949432
1400383587,1,70.0000,64.8100,949433
1400383601,1,1.7200,64.8100,949434
1400384005,1,0.0100,64.8000,949435
1400384126,2,0.2000,64.7700,949436
1400384369,1,0.1000,64.8100,949437
1400384393,2,0.2700,64.7600,949438
1400384396,1,83.3152,64.8100,949439
1400384409,1,14.0000,64.8100,949440
1400384413,1,3.0000,64.8100,949441
1400384483,2,1.1213,64.7600,949442
1400384554,2,0.4000,64.7600,949443
1400384562,1,16.1100,64.8100,949444
1400384565,1,70.0000,64.8100,949445
1400384570,1,70.0000,64.8100,949446
1400384572,1,17.8488,64.8100,949447
1400384572,1,38.8812,64.8300,949448
1400384656,1,15.8000,64.8300,949449
1400384669,1,70.0000,64.8300,949450
1400384672,1,39.2000,64.8300,949451
1400384674,1,6.0000,64.9200,949452
1400384676,2,0.8550,64.9300,949453
1400384676,2,32.3450,64.9300,949454
1400384676,2,0.8550,64.7700,949455
1400384734,2,0.9010,64.7800,949456
1400384736,1,13.5380,64.7800,949457
1400384736,2,0.9010,64.7700,949458
1400384738,2,0.8550,64.7700,949459
1400384740,1,0.1000,64.7800,949460
1400384743,1,0.1000,64.7800,949461
1400384744,1,0.5802,64.7800,949462
1400384747,1,2.3500,64.8900,949463
1400384751,1,8.5818,64.9100,949464
1400384753,2,1.7560,64.7900,949465
1400384753,2,0.1000,64.7800,949466
1400384753,2,0.1000,64.7800,949467
1400384753,2,6.6258,64.7700,949468
1400385094,2,1.7560,64.8000,949469
1400385461,1,1.7560,64.8600,949470
1400385461,1,15.0000,64.8600,949471
1400385461,1,234.5550,64.8600,949472
1400385674,2,5.0000,64.8600,949473
1400385674,2,5.0000,64.8600,949474
1400385674,2,1.7580,64.8000,949475
1400385674,2,3.2420,64.7900,949476
1400385676,2,10.0000,64.7900,949477
1400386137,1,1.0000,64.8200,949478
1400386164,1,0.1000,64.8200,949479
1400386191,1,0.1000,64.8200,949480
1400386195,1,0.1000,64.8200,949481
1400386202,1,0.4580,64.8200,949482
1400386776,2,11.7465,64.8100,949483
1400387034,1,1.0000,64.8200,949484
1400387035,1,1.0000,64.8200,949485
1400387037,1,1.0000,64.8200,949486
1400387039,1,1.0000,64.8200,949487
1400387040,1,1.0000,64.8200,949488
1400387044,1,1.0000,64.8200,949489
1400387047,1,14.1258,64.8200,949490
1400387293,1,769.5270,64.8700,949491
1400387293,1,13.3000,64.8700,949492
1400387295,2,1.0000,64.8700,949493
1400387296,2,1.0000,64.8700,949494
1400387296,2,99.1400,64.8700,949495
1400387296,2,29.1890,64.8700,949496
1400387297,2,1.0000,64.8700,949497
1400387299,2,12.0000,64.8700,949498
1400387299,2,1.0000,64.8700,949499
1400387303,2,1.0000,64.8700,949500
1400387305,2,1.0000,64.8700,949501
1400387309,2,74.7786,64.8700,949502
1400387389,1,0.1000,64.8700,949503
1400387389,1,59.0000,64.8700,949504
1400387395,2,36.0000,64.8700,949505
1400387396,2,20.0000,64.8700,949506
1400387398,2,7.0000,64.8700,949507
1400387409,2,20.0000,64.8700,949508
1400387560,2,0.6450,64.8400,949509
1400387783,2,10.0000,64.8500,949510
1400387790,2,1.6880,64.8500,949511
1400387834,2,8.0830,64.8600,949512
1400387836,2,0.0008,64.8600,949513
1400387836,2,8.0822,64.8500,949514
1400388064,1,7.6377,64.9000,949515
1400388064,1,0.6500,64.9000,949516
1400388064,1,8.2881,64.9300,949517
1400388399,1,9.7119,64.9300,949518
1400388402,2,47.7413,64.9300,949519
1400388462,2,6.0000,64.9000,949520
1400388462,2,15.0000,64.9000,949521
1400388493,2,50.0000,64.8900,949522
1400388502,2,0.1000,64.8900,949523
1400388503,2,0.1000,64.8900,949524
1400388505,2,0.1000,64.8900,949525
1400388507,2,0.1000,64.8900,949526
1400388510,2,0.1000,64.8900,949527
1400388512,2,0.1000,64.8900,949528
1400388515,2,0.1000,64.8900,949529
1400388517,2,0.1000,64.8900,949530
1400388519,2,0.1000,64.8900,949531
1400388526,2,1.0000,64.8600,949532
1400388684,2,1.0000,64.8700,949533
1400388696,2,1.2000,64.8700,949534
1400388719,2,10.0000,64.8700,949535
1400388754,2,100.8000,64.8700,949536
1400389070,2,8.2900,64.8400,949537
1400389074,2,50.0000,64.8400,949538
1400389078,2,1.1000,64.8400,949539
1400389078,2,0.1000,64.8400,949540
1400389080,2,0.2000,64.8400,949541
1400389114,2,0.1000,64.8400,949542
1400389116,2,0.1000,64.8400,949543
1400389117,2,0.2000,64.8400,949544
1400389130,2,39.9100,64.8400,949545
1400389132,2,30.0900,64.8300,949546
1400389143,2,4.0190,64.8300,949547
1400389272,2,2.0000,64.8300,949548
1400389334,2,6.0000,64.8300,949549
1400389417,2,17.9650,64.8300,949550
1400389461,2,3.1900,64.8100,949551
1400389464,2,0.0765,64.8000,949552
1400389464,2,0.0235,64.8000,949553
1400389492,2,1.7580,64.8100,949554
1400389495,2,10.0000,64.8000,949555
1400389498,2,15.0330,64.8000,949556
1400389498,2,10.0000,64.8000,949557
1400389501,2,10.0000,64.8000,949558
1400389503,2,26.2680,64.8000,949559
1400389504,2,10.0000,64.8000,949560
1400389507,2,5.8900,64.8000,949561
1400389507,2,5.8900,64.8000,949562
1400389541,2,10.0000,64.8000,949563
1400389544,2,10.0000,64.8000,949564
1400389548,2,10.0000,64.8000,949565
1400389550,2,10.0000,64.8000,949566
1400389553,2,10.0000,64.8000,949567
1400389578,2,2.1390,64.8000,949568
1400389587,2,2.1390,64.8000,949569
1400389592,2,10.0000,64.8000,949570
1400389592,2,153.4000,64.8000,949571
1400389594,2,10.0000,64.8000,949572
1400389595,2,2.1390,64.8000,949573
1400389598,2,153.4000,64.8000,949574
1400389600,2,10.0000,64.8000,949575
1400389601,2,137.3085,64.8000,949576
1400389601,2,16.0915,64.8000,949577
1400389603,2,6.9060,64.8000,949578
1400389633,2,153.4000,64.8000,949579
1400389638,2,153.4000,64.8000,949580
1400389640,2,70.0000,64.8000,949581
1400389642,2,60.9370,64.8000,949582
1400389642,2,60.9370,64.8000,949583
1400389645,2,70.0000,64.8000,949584
1400389648,2,70.0000,64.8000,949585
1400389651,2,70.0000,64.8000,949586
1400389653,2,70.0000,64.8000,949587
1400389656,2,64.0568,64.8000,949588
1400389656,2,7.6495,64.8000,949589
1400389656,2,62.3505,64.8000,949590
1400389659,2,0.1000,64.8000,949591
1400389662,2,65.9312,64.8000,949592
1400389662,2,0.0998,64.7400,949593
1400389846,1,1.7580,64.7900,949594
1400389876,2,7.0000,64.7900,949595
1400390004,1,142.1296,64.7900,949596
1400390006,1,0.0006,64.7900,949597
1400390412,2,1.7580,64.8000,949598
1400390415,1,7.5302,64.8000,949599
1400390415,2,1.7580,64.8000,949600
1400390563,2,0.1000,64.8000,949601
1400390564,2,1.0000,64.8000,949602
1400390579,2,0.1000,64.8000,949603
1400390581,2,0.1000,64.8000,949604
1400390584,2,1.0000,64.8000,949605
1400390586,2,1.0000,64.8000,949606
1400390588,2,0.1000,64.8000,949607
1400390589,2,0.1000,64.8000,949608
1400390592,2,0.1000,64.8000,949609
1400390595,2,0.1000,64.8000,949610
1400390628,2,1.0000,64.8000,949611
1400390630,2,1.0000,64.8000,949612
1400390632,2,0.1000,64.8000,949613
1400390786,2,2.1359,64.8000,949614
1400390794,2,2.1400,64.7900,949615
1400390831,2,2.0000,64.7900,949616
1400390838,2,33.8594,64.7900,949617
1400390838,2,26.1406,64.7900,949618
1400391081,2,0.6580,64.7500,949619
1400391083,1,1.3000,64.7500,949620
1400391084,1,0.0420,64.7500,949621
1400391085,1,1.3000,64.8200,949622
1400391086,1,0.4580,64.8200,949623
1400391086,1,0.8840,64.8400,949624
1400391092,1,2.2910,64.8100,949625
1400391563,1,1.0000,64.8200,949626
1400391566,1,1.0000,64.8400,949627
1400391622,1,9.5870,64.8400,949628
1400391623,1,8.3079,64.8400,949629
1400391623,1,1.2789,64.8500,949630
1400391625,1,10.0000,64.8500,949631
1400392045,1,15.7270,64.8200,949632
1400392206,1,10.0000,64.8100,949633
1400392213,2,4.0000,64.8100,949634
1400392219,1,20.8000,64.8300,949635
1400392357,1,10.0000,64.8300,949636
1400392816,2,3.0000,64.8000,949637
1400392816,2,3.0000,64.8000,949638
1400392818,1,9.0000,64.8000,949639
1400392832,2,7.0000,64.8000,949640
1400392835,1,153.4000,64.8000,949641
1400392885,2,1.0000,64.7500,949642
1400392885,2,6.0900,64.7400,949643
1400392885,2,14.2976,64.7400,949644
1400392888,1,29.6000,64.8000,949645
1400392888,1,0.9260,64.8000,949646
1400393073,2,1.7610,64.7300,949647
1400393073,2,19.8068,64.7300,949648
1400393073,2,1.0000,64.7200,949649
1400393073,2,15.0000,64.7200,949650
1400393073,2,110.2822,64.7200,949651
1400393151,2,1.0000,64.7000,949652
1400393151,2,1.1453,64.7000,949653
1400393157,2,28.8547,64.7000,949654
1400393158,2,28.8540,64.6700,949655
1400393165,2,2.1453,64.6700,949656
1400393166,1,1.0000,64.6900,949657
1400393167,1,0.7610,64.6900,949658
1400393168,1,10.0000,64.7000,949659
1400393172,2,0.2390,64.6900,949660
1400393172,2,0.7610,64.6900,949661
1400393172,2,1.1359,64.6700,949662
1400393172,1,0.1000,64.7000,949663
1400393175,1,0.1000,64.7000,949664
1400393176,1,12.8000,64.7000,949665
1400393176,1,2.1352,64.7000,949666
1400393176,1,0.1007,64.7900,949667
1400393179,2,2.1359,64.7000,949668
1400393184,2,1.7340,64.7100,949669
1400393187,2,0.0260,64.7100,949670
1400393187,2,2.1110,64.7000,949671
1400393194,2,2.1353,64.7000,949672
1400393200,2,0.2840,64.7000,949673
1400393201,2,2.1353,64.7000,949674
1400393208,2,2.1353,64.7000,949675
1400393214,2,1.0632,64.7000,949676
1400393214,2,1.0738,64.7000,949677
1400393224,2,2.1370,64.7000,949678
1400393231,2,2.1370,64.7000,949679
1400393236,2,2.6520,64.7000,949680
1400393236,2,0.0002,64.7000,949681
1400393237,2,2.6520,64.6700,949682
1400393251,2,10.0000,64.6700,949683
1400393252,2,5.6248,64.6700,949684
1400393252,2,2.0000,64.6600,949685
1400393252,2,7.9992,64.6300,949686
1400393292,1,1.0000,64.6900,949687
1400393294,1,0.7600,64.6900,949688
1400393306,2,0.2400,64.6900,949689
1400393308,2,0.2400,64.6300,949690
1400393324,1,1.9998,64.7000,949691
1400393324,1,1.0000,64.7000,949692
1400393324,1,2.0000,64.7000,949693
1400393324,1,5.0002,64.7000,949694
1400393334,2,3.4510,64.7000,949695
1400393335,2,1.3160,64.7000,949696
1400393348,2,7.4220,64.7000,949697
1400393351,2,29.3960,64.7000,949698
1400393467,1,0.1000,64.7500,949699
1400393468,1,0.1000,64.7500,949700
1400393471,1,0.0651,64.7500,949701
1400393471,1,0.0349,64.7500,949702
1400393472,1,0.1000,64.7500,949703
1400393474,1,0.1000,64.7500,949704
1400393476,1,0.0685,64.7500,949705
1400393481,2,0.0315,64.7500,949706
1400393481,2,0.1000,64.7500,949707
1400393508,2,1.7590,64.7200,949708
1400393547,2,2.1457,64.7200,949709
1400393554,2,2.1369,64.7200,949710
1400393632,2,0.1000,64.6500,949711
1400393734,2,64.0160,64.7000,949712
1400393734,2,5.9840,64.6400,949713
1400394107,2,50.4120,64.7000,949714
1400394140,2,1.0000,64.7000,949715
1400394140,2,153.4000,64.7000,949716
1400394146,2,0.1000,64.7000,949717
1400394148,2,0.1000,64.7000,949718
1400394150,2,0.1000,64.7000,949719
1400394152,2,0.1000,64.7000,949720
1400394154,2,0.1000,64.7000,949721
1400394176,2,1.8807,64.6500,949722
1400394176,2,100.0000,64.6500,949723
1400394185,1,0.1000,64.7000,949724
1400394193,1,0.1000,64.7000,949725
1400394194,1,0.1000,64.7000,949726
1400394196,1,1.7590,64.7600,949727
1400394201,1,2.6410,64.7900,949728
1400394395,1,0.0426,64.7700,949729
1400394500,2,0.1000,64.7000,949730
1400394557,1,19.8062,64.6900,949731
1400394558,1,0.1000,64.7000,949732
1400394558,1,19.7067,64.7000,949733
1400394561,1,135.6500,64.7000,949734
1400394573,1,2.1346,64.6500,949735
1400394575,1,0.0163,64.7900,949736
1400394578,2,1.0000,64.6500,949737
1400394578,2,24.9069,64.6400,949738
1400394578,2,11.9422,64.6400,949739
1400394580,1,3.7800,64.7500,949740
1400394580,1,4.0000,64.7700,949741
1400394580,1,30.0000,64.7900,949742
1400394580,1,0.0691,64.7900,949743
1400394627,2,1.7620,64.6600,949744
1400394627,2,0.3742,64.6600,949745
1400394634,2,2.1344,64.6600,949746
1400394642,2,2.1362,64.6600,949747
1400394647,1,1.7620,64.7500,949748
1400394651,1,2.0000,64.7500,949749
1400394651,1,0.7380,64.7700,949750
1400394652,2,1.7640,64.6800,949751
1400394652,2,0.3714,64.6700,949752
1400394739,2,1.7548,64.6700,949753
1400394739,2,0.3815,64.6600,949754
1400394850,2,0.6185,64.6600,949755
1400394850,2,0.0160,64.6600,949756
1400394854,1,2.3545,64.6600,949757
1400394854,1,1.7640,64.7300,949758
1400394854,1,0.5360,64.7500,949759
1400394856,1,2.1455,64.7500,949760
1400394857,1,4.5000,64.7500,949761
1400394870,1,4.5000,64.7500,949762
1400394938,2,0.5000,64.6800,949763
1400394958,2,0.5000,64.6700,949764
1400394973,2,0.5611,64.6600,949765
1400394978,2,0.4389,64.6600,949766
1400394978,2,1.5611,64.6500,949767
1400394992,1,0.1786,64.7200,949768
1400395133,2,0.7650,64.6600,949769
1400395133,2,15.1407,64.6600,949770
1400395133,2,425.3878,64.6600,949771
1400395133,1,0.8214,64.7200,949772
1400395133,1,2.8530,64.7300,949773
1400395133,1,1.3256,64.7500,949774
1400395135,1,70.0009,64.7500,949775
1400395136,1,6.0000,64.7500,949776
1400395136,2,0.7650,64.6600,949777
1400395351,2,11.2789,64.7000,949778
1400395545,2,2.1362,64.6700,949779
1400395596,2,7.8538,64.6700,949780
1400395596,2,79.7562,64.6700,949781
1400395610,2,20.2438,64.6700,949782
1400395613,1,99.4400,64.6700,949783
1400395613,1,11.2900,64.6700,949784
1400395617,1,11.1262,64.6700,949785
1400395797,1,1.0000,64.7000,949786
1400395797,1,1.0000,64.7000,949787
1400395801,1,1.0000,64.7000,949788
1400395822,1,20.4874,64.7100,949789
1400396687,1,12.9996,64.7100,949790
1400396687,1,0.0004,64.7100,949791
1400396690,1,4.3846,64.7200,949792
1400396693,1,1.0000,64.7200,949793
1400396694,1,1.0000,64.7200,949794
1400396696,1,1.0000,64.7200,949795
1400396710,1,12.4013,64.7200,949796
1400396881,1,2.8000,64.7400,949797
1400396886,1,0.0530,64.7400,949798
1400396886,1,1.9470,64.7500,949799
1400396889,1,153.3997,64.7500,949800
1400396889,1,4.5000,64.7500,949801
1400396893,1,40.0000,64.7500,949802
1400396894,1,153.4000,64.7500,949803
1400396895,1,299.4680,64.7500,949804
1400396895,1,40.0000,64.7500,949805
1400396898,1,18.2773,64.7500,949806
1400396898,1,28.8620,64.7700,949807
1400396898,1,5.0000,64.7800,949808
1400396898,1,15.0000,64.8100,949809
1400396898,1,9.4153,64.8300,949810
1400396901,1,21.7227,64.8300,949811
1400397014,2,99.4400,64.7600,949812
1400397016,2,101.5600,64.7600,949813
1400397018,1,53.8997,64.7500,949814
1400397143,1,13.0000,64.7700,949815
1400397143,1,487.0000,64.7700,949816
1400397255,2,1.7650,64.7000,949817
1400397258,1,8.2350,64.7000,949818
1400397259,2,1.7650,64.6900,949819
1400397260,1,5.2929,64.7600,949820
1400397260,1,2.9421,64.7600,949821
1400397265,1,25.1710,64.7600,949822
1400397549,1,202.7640,64.7900,949823
1400397550,1,1.5611,64.8000,949824
1400397550,1,133.5077,64.8300,949825
1400397550,1,0.1000,64.8700,949826
1400397550,1,0.1000,64.8900,949827
1400397550,1,0.1000,64.8900,949828
1400397550,1,18.0312,64.8900,949829
1400397665,2,1.9778,64.8000,949830
1400397806,2,20.0000,64.8100,949831
1400397807,1,5.0000,64.8100,949832
1400397808,1,4.0000,64.8100,949833
1400397808,1,49.9110,64.8100,949834
1400397809,1,15.8000,64.8600,949835
1400397809,1,5.0000,64.8600,949836
1400397812,1,0.3000,64.8600,949837
1400397814,2,2.0000,64.8500,949838
1400397846,1,78.9000,64.8600,949839
1400397846,1,3.0000,64.8600,949840
1400397877,1,5.0000,64.8700,949841
1400397877,1,58.7798,64.8800,949842
1400397877,1,10.0000,64.8800,949843
1400397877,1,276.2202,64.8900,949844
1400397899,2,131.6162,64.8800,949845
1400398053,1,2.0000,64.8700,949846
1400398053,1,20.0000,64.8700,949847
1400398082,1,0.1000,64.8800,949848
1400398082,1,0.1000,64.8800,949849
1400398082,1,339.8000,64.8800,949850
1400398087,1,15.8000,64.8800,949851
1400398095,1,30.0000,64.8800,949852
1400398098,1,114.4000,64.8800,949853
1400398111,2,2.1360,64.8800,949854
1400398113,2,57.9420,64.8800,949855
1400398113,2,30.0000,64.8800,949856
1400398118,2,2.1350,64.8800,949857
1400398121,2,11.7170,64.8800,949858
1400398365,1,16.7170,64.8800,949859
1400398369,1,13.1000,64.8800,949860
1400398386,1,15.8000,64.8800,949861
1400398489,1,42.6660,64.8800,949862
1400398489,1,10.0000,64.8800,949863
1400398489,1,4.0000,64.8800,949864
1400398489,1,5.0000,64.8800,949865
1400398508,1,46.5685,64.8900,949866
1400398508,1,15.0107,64.8900,949867
1400398527,2,2.0007,64.8500,949868
1400398527,2,0.1396,64.8300,949869
1400398538,2,2.1403,64.8500,949870
1400398546,2,2.1409,64.8700,949871
1400398553,2,2.1365,64.8700,949872
1400398560,2,2.1409,64.8600,949873
1400398565,1,4.0000,64.9000,949874
1400398567,2,2.1367,64.9000,949875
1400398573,2,1.7600,64.8800,949876
1400398573,2,0.3809,64.8500,949877
1400398581,2,2.1409,64.8500,949878
1400398589,2,2.1373,64.8600,949879
1400398595,2,2.1413,64.8700,949880
1400398603,2,2.1366,64.8700,949881
1400398628,2,2.1413,64.8700,949882
1400398641,1,2.1413,64.8800,949883
1400398644,2,2.1416,64.8800,949884
1400398653,2,2.1367,64.8600,949885
1400398670,2,2.1373,64.8700,949886
1400398676,2,2.1419,64.8700,949887
1400398684,2,2.1419,64.8700,949888
1400398692,2,2.1370,64.8700,949889
1400398699,2,2.1373,64.8700,949890
1400398730,2,2.1345,64.8700,949891
1400398745,2,2.1373,64.8500,949892
1400398753,2,2.1373,64.8500,949893
1400398760,2,2.1350,64.8500,949894
1400398768,2,2.1355,64.8500,949895
1400398776,2,2.1365,64.8500,949896
1400398790,2,2.0000,64.8500,949897
1400398801,2,2.0000,64.8500,949898
1400398808,2,2.0000,64.8500,949899
1400398815,2,2.0000,64.8500,949900
1400398844,2,2.1365,64.8500,949901
1400398855,2,2.1365,64.8500,949902
1400398867,2,2.1365,64.8500,949903
1400398874,2,2.1365,64.8500,949904
1400398885,2,2.1389,64.8500,949905
1400398999,2,5.9714,64.8500,949906
1400398999,2,22.0286,64.8500,949907
1400399003,2,6.0000,64.8500,949908
1400399065,1,1.0000,64.8700,949909
1400399068,1,0.7600,64.8700,949910
1400399070,1,5.0000,64.8800,949911
1400399070,1,4.2780,64.8800,949912
1400399070,1,10.0000,64.8800,949913
1400399123,1,11.3748,64.9100,949914
1400399125,1,0.6252,64.9100,949915
1400399128,1,132.9200,64.9200,949916
1400399134,1,116.3770,64.9200,949917
1400399139,1,50.7030,64.9200,949918
1400399212,2,0.1000,64.9100,949919
1400399212,2,2.0386,64.8900,949920
1400399387,2,9.0000,64.8800,949921
1400399567,2,3.0000,64.8800,949922
1400399569,1,4.6383,64.8800,949923
1400399651,1,50.0000,64.9000,949924
1400399782,1,1.0000,64.9000,949925
1400399816,1,12.0000,64.9000,949926
1400399816,2,2.1366,64.8800,949927
1400399819,1,3.0000,64.9000,949928
1400399839,2,0.8634,64.8800,949929
1400399839,2,0.2400,64.8700,949930
1400399839,2,0.1000,64.8700,949931
1400399839,2,0.9346,64.8700,949932
1400399847,2,2.1367,64.8700,949933
1400399853,2,1.9287,64.8700,949934
1400399853,2,0.2093,64.8700,949935
1400399860,2,2.1363,64.8700,949936
1400399867,2,2.1380,64.8700,949937
1400399874,2,0.6821,64.8700,949938
1400399874,2,1.4559,64.8700,949939
1400399881,2,2.1367,64.8700,949940
1400400015,2,2.1370,64.8600,949941
1400400021,2,2.1380,64.8600,949942
1400400028,2,2.1380,64.8600,949943
1400400035,2,2.1380,64.8600,949944
1400400042,2,2.1366,64.8600,949945
1400400149,1,3.5930,64.9200,949946
1400400149,1,0.4070,64.9300,949947
1400400198,2,2.1380,64.8600,949948
1400400236,2,2.1369,64.8600,949949
1400400242,2,2.1380,64.8600,949950
1400400288,2,2.1380,64.8600,949951
1400400296,2,2.1366,64.8600,949952
1400400303,2,2.1380,64.8600,949953
1400400334,2,2.1357,64.8500,949954
1400400822,2,2.1370,64.8500,949955
1400400823,2,25.7273,64.8500,949956
1400400823,2,15.0000,64.8500,949957
1400400823,2,119.0127,64.8500,949958
1400400829,2,1.7600,64.8600,949959
1400400829,2,0.3746,64.8500,949960
1400400836,2,2.1360,64.8500,949961
1400400889,2,2.1370,64.8600,949962
1400400897,2,2.1352,64.8600,949963
1400400904,2,2.1352,64.8600,949964
1400400918,2,2.1370,64.8600,949965
1400400926,2,2.1370,64.8600,949966
1400400934,2,2.1370,64.8600,949967
1400400941,2,2.1354,64.8600,949968
1400400948,2,2.1370,64.8600,949969
1400401017,2,2.1349,64.8700,949970
1400401117,2,0.9486,64.8700,949971
1400401117,2,1.1884,64.8600,949972
1400401126,2,1.0135,64.8600,949973
1400401148,2,0.7073,64.8600,949974
1400401148,2,1.0000,64.8600,949975
1400401148,2,0.4297,64.8500,949976
1400401156,2,2.1370,64.8500,949977
1400401163,2,2.1352,64.8500,949978
1400401169,2,2.1352,64.8500,949979
1400401177,2,2.1357,64.8500,949980
1400401267,2,0.0100,64.8600,949981
1400401327,2,2.1347,64.8600,949982
1400401334,2,2.1370,64.8600,949983
1400401607,2,12.7292,64.8600,949984
1400401614,2,1.7600,64.8500,949985
1400401767,1,10.0000,64.8600,949986
1400401767,1,17.0000,64.8600,949987
1400402118,2,2.1327,64.8500,949988
1400402125,2,2.1350,64.8500,949989
1400402132,2,2.1350,64.8500,949990
1400402159,1,15.0000,64.9000,949991
1400402159,2,0.7076,64.9000,949992
1400402164,2,2.1338,64.8500,949993
1400402171,2,2.1350,64.8500,949994
1400402202,2,2.1327,64.8500,949995
1400402209,2,2.1350,64.8500,949996
1400402213,2,225.7000,64.8500,949997
1400402215,2,2.1334,64.8500,949998
1400402220,2,12.0000,64.8600,949999
1400402222,2,3.2600,64.8600,950000
1400402223,2,2.1334,64.8500,950001
1400402230,2,2.1350,64.8500,950002
1400402236,2,2.1350,64.8500,950003
1400402243,2,2.1333,64.8500,950004
1400402250,2,2.1350,64.8500,950005
1400402256,2,2.1333,64.8500,950006
1400402263,2,2.1334,64.8500,950007
1400402271,2,2.1350,64.8500,950008
1400402278,2,2.1350,64.8500,950009
1400402284,2,2.1350,64.8500,950010
1400402291,2,2.1350,64.8500,950011
1400402333,1,8.7400,64.8600,950012
1400402373,2,2.1350,64.8600,950013
1400402380,2,2.1339,64.8600,950014
1400402405,2,10.7311,64.8600,950015
1400402472,2,77.9798,64.8500,950016
1400402472,2,5.0000,64.8500,950017
1400402853,2,148.6075,64.8500,950018
1400402902,2,5.0000,64.8400,950019
1400403224,2,7.6443,64.8300,950020
1400403224,2,5.0000,64.8300,950021
1400403224,2,0.5000,64.8300,950022
1400403224,2,299.3557,64.8300,950023
1400403440,2,0.1700,64.8400,950024
1400403570,2,16.8300,64.8400,950025
1400403981,1,20.0462,64.8600,950026
1400404051,2,148.6075,64.8600,950027
1400404066,2,60.3821,64.8600,950028
1400404627,2,19.5439,64.8500,950029
1400404627,2,1.7610,64.8400,950030
1400404627,2,1.6951,64.8400,950031
1400404776,2,15.3101,64.8400,950032
1400404911,2,2.0012,64.8200,950033
1400404911,2,3.0018,64.8200,950034
1400404911,2,1.9992,64.8200,950035
1400404911,2,14.8734,64.8200,950036
1400404911,2,0.0100,64.8200,950037
1400404911,2,5.0000,64.8200,950038
1400404911,2,307.4946,64.8200,950039
1400404933,2,393.3514,64.8200,950040
1400404936,1,6.6386,64.8200,950041
1400404936,2,1.7610,64.8100,950042
1400404936,1,0.0100,64.8200,950043
1400404936,1,6.6489,64.8600,950044
1400405031,2,5.0000,64.8200,950045
1400405031,2,3.2390,64.8100,950046
1400405031,2,0.0222,64.8000,950047
1400405031,2,10.0000,64.8000,950048
1400405031,2,341.2933,64.8000,950049
1400405034,1,0.1770,64.8000,950050
1400405034,1,9.9900,64.8000,950051
1400405035,1,30.2785,64.8000,950052
1400405035,1,10.1664,64.8600,950053
1400405035,1,2.7250,64.8600,950054
1400405035,1,2.2750,64.8600,950055
1400405039,1,0.1770,64.8600,950056
1400405074,2,20.3838,64.8300,950057
1400405074,2,32.0000,64.8200,950058
1400405074,2,9.9900,64.8100,950059
1400405074,2,32.0000,64.8000,950060
1400405076,1,0.1770,64.8000,950061
1400405076,1,5.4492,64.8000,950062
1400405076,1,0.1765,64.8600,950063
1400405077,1,5.0000,64.8600,950064
1400405081,1,0.1770,64.8600,950065
1400405101,2,4.0000,64.8200,950066
1400405101,2,5.4392,64.8100,950067
1400405101,2,18.0000,64.8100,950068
1400405105,1,0.1770,64.8100,950069
1400405110,1,0.1770,64.8100,950070
1400405112,1,0.1770,64.8100,950071
1400405116,1,0.1770,64.8100,950072
1400405116,1,0.7300,64.8100,950073
1400405119,1,0.1770,64.8100,950074
1400405123,1,0.1770,64.8100,950075
1400405125,1,0.1770,64.8100,950076
1400405128,1,0.1770,64.8100,950077
1400405130,1,0.1770,64.8100,950078
1400405133,1,0.1770,64.8100,950079
1400405135,1,0.0608,64.8100,950080
1400405138,1,0.1162,64.8600,950081
1400405245,1,7.6440,64.8600,950082
1400405248,1,0.0003,64.8600,950083
1400405248,1,0.2924,64.9000,950084
1400405248,1,4.2000,64.9000,950085
1400405248,1,3.1513,64.9000,950086
1400405679,1,2.0163,64.8700,950087
1400405845,2,7.6490,64.8200,950088
1400405845,2,7.4000,64.8200,950089
1400405947,2,10.0000,64.7700,950090
1400405954,2,10.0000,64.7500,950091
1400406060,1,18.3506,64.7600,950092
1400406060,1,8.0000,64.7700,950093
1400406060,1,7.4000,64.8800,950094
1400406060,1,116.2494,64.8900,950095
1400406079,1,50.0000,64.8800,950096
1400406207,2,1.7630,64.7300,950097
1400406207,2,10.0000,64.7200,950098
1400406207,2,8.2370,64.7200,950099
1400406358,1,1.0000,64.7800,950100
1400406360,1,0.1000,64.7800,950101
1400406362,1,0.6630,64.7800,950102
1400407042,1,0.0900,64.8100,950103
1400407138,2,94.0300,64.8000,950104
1400407139,2,5.9700,64.8000,950105
1400407184,1,2.1362,64.8100,950106
1400407427,1,2.1369,64.8000,950107
1400407435,1,2.1369,64.8000,950108
1400407442,1,1.7736,64.8000,950109
1400407532,2,5.0000,64.7900,950110
1400407532,2,2.4800,64.7900,950111
1400407532,2,0.3370,64.7800,950112
1400407532,2,0.1000,64.7800,950113
1400407532,2,4.5630,64.7400,950114
1400408395,2,1.7640,64.7300,950115
1400408395,2,0.1849,64.7300,950116
1400408432,2,1.2000,64.7600,950117
1400408436,1,1.7640,64.7400,950118
1400408436,1,8.2360,64.7900,950119
1400408481,2,0.1220,64.7300,950120
1400408485,2,0.1500,64.7300,950121
1400408492,2,1.2000,64.7200,950122
1400408549,2,11.4612,64.7200,950123
1400408735,2,1.4876,64.7200,950124
1400408764,2,1.2363,64.7200,950125
1400408800,1,0.0510,64.7700,950126
1400408879,1,0.1100,64.7900,950127
1400408880,1,0.1000,64.7900,950128
1400408882,1,0.0110,64.7900,950129
1400408903,2,0.0890,64.7900,950130
1400408903,2,0.1100,64.7900,950131
1400408903,2,0.1000,64.7900,950132
1400408992,1,1.2000,64.8000,950133
1400408996,2,0.1000,64.7800,950134
1400408996,2,0.0500,64.7800,950135
1400408996,2,0.1000,64.7800,950136
1400408996,2,0.1300,64.7700,950137
1400408996,2,0.1000,64.7700,950138
1400409005,2,0.6975,64.7200,950139
1400409086,1,0.5000,64.7700,950140
1400409089,1,0.1000,64.7700,950141
1400409091,1,0.0900,64.7700,950142
1400409091,1,0.0075,64.7700,950143
1400409096,1,0.5000,64.7800,950144
1400409097,1,0.1000,64.7800,950145
1400409099,1,0.1000,64.7800,950146
1400409101,1,0.2500,64.7800,950147
1400409101,1,0.0500,64.7800,950148
1400409132,2,0.0500,64.7800,950149
1400409132,2,0.1000,64.7800,950150
1400409132,2,0.2000,64.7800,950151
1400409140,1,0.3200,64.7800,950152
1400409140,1,0.1000,64.7800,950153
1400409142,1,0.1000,64.7800,950154
1400409144,1,0.1300,64.7800,950155
1400409170,2,0.1900,64.7800,950156
1400409170,2,0.1000,64.7800,950157
1400409174,1,0.3500,64.7800,950158
1400409176,1,0.1000,64.7800,950159
1400409179,1,0.1000,64.7800,950160
1400409179,1,0.1600,64.7800,950161
1400409200,2,0.0100,64.7800,950162
1400409200,2,0.1000,64.7800,950163
1400409204,1,0.1000,64.7800,950164
1400409204,1,0.4400,64.7800,950165
1400409206,1,0.1000,64.7800,950166
1400409208,1,0.1000,64.7800,950167
1400409209,1,0.1500,64.7800,950168
1400409225,2,0.0200,64.7800,950169
1400409225,2,0.1000,64.7800,950170
1400409229,1,0.4400,64.7800,950171
1400409230,1,0.1000,64.7800,950172
1400409232,1,0.1000,64.7800,950173
1400409233,1,0.1700,64.7800,950174
1400409234,1,0.0700,64.7800,950175
1400409249,2,0.0300,64.7800,950176
1400409249,2,0.1700,64.7800,950177
1400409249,2,0.1000,64.7800,950178
1400409252,1,0.1000,64.7800,950179
1400409254,1,0.1000,64.7800,950180
1400409254,1,0.3400,64.7800,950181
1400409256,1,0.1000,64.7800,950182
1400409257,1,0.0600,64.7800,950183
1400409276,2,0.1900,64.7800,950184
1400409276,2,0.1000,64.7800,950185
1400409276,2,0.0200,64.7800,950186
1400409276,2,0.0200,64.7800,950187
1400409278,1,0.1000,64.7800,950188
1400409279,1,0.3300,64.7800,950189
1400409280,1,0.1000,64.7800,950190
1400409283,1,0.1000,64.7800,950191
1400409284,1,0.0400,64.7800,950192
1400409295,2,0.0600,64.7800,950193
1400409295,2,0.0700,64.7800,950194
1400409317,2,0.0925,64.7700,950195
1400409317,2,0.1000,64.7700,950196
1400409317,2,0.1000,64.7700,950197
1400409454,2,0.1800,64.7600,950198
1400409551,1,0.8700,64.7800,950199
1400409568,2,2.5438,64.7800,950200
1400409647,1,0.4562,64.7800,950201
1400409647,1,92.7526,64.8000,950202
1400409647,1,4.0000,64.8000,950203
1400409647,1,688.5209,64.8000,950204
1400409713,1,0.5000,64.7800,950205
1400409715,1,0.1000,64.7800,950206
1400409716,1,0.2500,64.7800,950207
1400409717,1,0.1000,64.7800,950208
1400409719,1,0.0500,64.7800,950209
1400409737,2,0.0500,64.7800,950210
1400409737,2,0.0200,64.7800,950211
1400409737,2,0.1000,64.7800,950212
1400409741,1,0.4100,64.7800,950213
1400409742,1,0.1000,64.7800,950214
1400409744,1,0.1000,64.7800,950215
1400409744,1,0.2200,64.7800,950216
1400409761,2,0.1900,64.7800,950217
1400409761,2,0.1000,64.7800,950218
1400409761,2,0.1600,64.7800,950219
1400409764,1,0.1000,64.7800,950220
1400409765,1,0.2700,64.7800,950221
1400409766,1,0.1000,64.7800,950222
1400409768,1,0.0800,64.7800,950223
1400409792,2,0.0200,64.7800,950224
1400409792,2,0.2700,64.7800,950225
1400409792,2,0.1000,64.7800,950226
1400409798,1,0.1000,64.7800,950227
1400409799,1,0.3000,64.7800,950228
1400409800,1,0.1000,64.7800,950229
1400409801,1,0.1100,64.7800,950230
1400409868,2,0.1000,64.7800,950231
1400409868,2,0.0500,64.7800,950232
1400409868,2,0.1000,64.7800,950233
1400409872,1,0.3700,64.7800,950234
1400409873,1,0.1000,64.7800,950235
1400409875,1,0.1000,64.7800,950236
1400409876,1,0.1400,64.7800,950237
1400409877,1,0.0400,64.7800,950238
1400409900,2,0.0600,64.7800,950239
1400409900,2,0.1000,64.7800,950240
1400409905,1,0.4100,64.7800,950241
1400409905,1,0.1000,64.7800,950242
1400409907,1,0.1000,64.7800,950243
1400409909,1,0.1000,64.7800,950244
1400409909,1,0.1100,64.7800,950245
1400409911,1,0.0200,64.7800,950246
1400409931,2,0.0800,64.7800,950247
1400409931,2,0.1000,64.7800,950248
1400409931,2,0.0100,64.7800,950249
1400409934,1,0.5000,64.7800,950250
1400409935,1,0.1000,64.7800,950251
1400409939,1,0.1000,64.7800,950252
1400409939,1,0.1000,64.7800,950253
1400409939,1,0.0100,64.7800,950254
1400409954,2,0.0900,64.7800,950255
1400409959,1,0.1000,64.7800,950256
1400409961,1,0.1000,64.7800,950257
1400409963,1,0.1000,64.7800,950258
1400409965,1,0.4500,64.7800,950259
1400409965,1,0.1000,64.7800,950260
1400409968,1,0.0600,64.7800,950261
1400409980,2,0.0400,64.7800,950262
1400409980,2,0.4500,64.7800,950263
1400409980,2,0.4000,64.7800,950264
1400409986,1,0.1000,64.7800,950265
1400409987,1,0.0100,64.7800,950266
1400410000,2,0.0900,64.7800,950267
1400410000,2,0.1000,64.7800,950268
1400410005,1,0.1000,64.7800,950269
1400410005,1,0.0500,64.7800,950270
1400410006,1,0.1000,64.7800,950271
1400410009,1,0.1000,64.7800,950272
1400410010,1,0.4600,64.7800,950273
1400410316,1,10.3588,64.8100,950274
1400410365,2,4.0430,64.8100,950275
1400410462,1,1.0000,64.8200,950276
1400410463,1,0.5000,64.8300,950277
1400411025,2,0.1000,64.8200,950278
1400411025,2,0.1000,64.8200,950279
1400411025,2,1.1270,64.8100,950280
1400411212,1,0.1000,64.8000,950281
1400411212,1,0.5000,64.8000,950282
1400411214,1,0.1000,64.8000,950283
1400411216,1,0.3000,64.8000,950284
1400411243,1,0.1900,64.8100,950285
1400411243,1,0.3100,64.8100,950286
1400411246,2,0.2000,64.8000,950287
1400411246,1,0.2800,64.8100,950288
1400411247,2,2.0000,64.7800,950289
1400411251,1,0.2400,64.8000,950290
1400411255,1,0.2400,64.8000,950291
1400411261,1,0.0100,64.8000,950292
1400411266,2,0.1100,64.8000,950293
1400411266,2,0.8900,64.7800,950294
1400411286,2,1.0000,64.7800,950295
1400412342,2,0.1000,64.7800,950296
1400412342,2,0.1000,64.7800,950297
1400412342,2,0.4000,64.7800,950298
1400412342,2,0.4000,64.7800,950299
1400412342,2,16.0821,64.7800,950300
1400412342,2,219.8332,64.7700,950301
1400412342,2,3.4310,64.7700,950302
1400412418,2,9.2600,64.7600,950303
1400412418,2,10.0000,64.7600,950304
1400412418,2,35.8144,64.7600,950305
1400412451,1,98.2000,64.7700,950306
1400412451,1,13.7900,64.7700,950307
1400412453,1,108.0100,64.7700,950308
1400412453,1,0.2200,64.8100,950309
1400412453,1,1.0000,64.8200,950310
1400412453,1,0.5000,64.8300,950311
1400412453,1,0.5000,64.8300,950312
1400412453,1,1.0000,64.8400,950313
1400412453,1,42.1708,64.8400,950314
1400412589,2,0.2700,64.7700,950315
1400412591,1,15.5502,64.7700,950316
1400412593,1,9.9900,64.7700,950317
1400412622,2,0.2900,64.7800,950318
1400412622,2,1.8998,64.7700,950319
1400412639,1,5.5538,64.8200,950320
1400412703,2,10.0000,64.7800,950321
1400412998,2,2.4093,64.7800,950322
1400413841,2,15.2700,64.7900,950323
1400413849,1,5.0000,64.8200,950324
1400413851,2,155.1800,64.8200,950325
1400413851,2,99.3100,64.8200,950326
1400413851,2,4.0100,64.8200,950327
1400413852,2,1.0000,64.8200,950328
1400413853,2,153.4000,64.8200,950329
1400413853,2,9.9900,64.8200,950330
1400413854,2,1.0000,64.8200,950331
1400413857,2,1.0000,64.8200,950332
1400413857,2,13.0000,64.8200,950333
1400413857,2,10.0000,64.8200,950334
1400413859,2,9.9900,64.8200,950335
1400413859,2,108.3766,64.8200,950336
1400413859,2,19.9900,64.7900,950337
1400414216,1,4.0000,64.8200,950338
1400414216,1,2.8500,64.8200,950339
1400414216,1,0.0004,64.8500,950340
1400414350,2,0.3300,64.8200,950341
1400414350,2,4.6700,64.8200,950342
1400414541,2,0.3200,64.8200,950343
1400414980,2,0.0100,64.8200,950344
1400415032,1,0.0900,64.8200,950345
1400415032,1,0.1000,64.8200,950346
1400415172,2,1.0101,64.8100,950347
1400415425,2,8.5146,64.8100,950348
1400415864,1,20.4308,64.8400,950349
1400415864,1,0.0125,64.8500,950350
1400416040,2,1.0000,64.8200,950351
1400416041,2,18.5379,64.8200,950352
1400416041,2,1.0000,64.8100,950353
1400416042,2,0.1900,64.8100,950354
1400416156,2,79.2687,64.8100,950355
1400416222,2,1.0000,64.8100,950356
1400416601,2,149.2171,64.8100,950357
1400416932,1,15.0000,64.8200,950358
1400416934,2,7.0830,64.8200,950359
1400416936,2,5.0000,64.8200,950360
1400416955,2,103.2981,64.8200,950361
1400417124,2,0.0917,64.7800,950362
1400417128,1,116.1472,64.7800,950363
1400417128,1,0.0001,64.8200,950364
1400417482,1,1.4140,64.8200,950365
1400417484,1,13.5860,64.8200,950366
1400417484,1,1.4140,64.8600,950367
1400417485,1,3.5860,64.8600,950368
1400417485,1,6.4140,64.8600,950369
1400417984,1,10.0000,64.7900,950370
1400417990,1,3.1410,64.7900,950371
1400418017,1,10.0000,64.8000,950372
1400418020,1,5.9000,64.8000,950373
1400418038,2,2.1370,64.7600,950374
1400418046,2,2.1349,64.7600,950375
1400418053,2,2.1349,64.7600,950376
1400418056,1,10.0000,64.7900,950377
1400418059,1,10.0000,64.7900,950378
1400418059,1,70.0000,64.7900,950379
1400418059,2,2.1349,64.7600,950380
1400418062,1,70.0000,64.7900,950381
1400418062,1,10.0000,64.7900,950382
1400418064,1,44.0330,64.7900,950383
1400418065,1,10.0000,64.7900,950384
1400418105,1,10.0000,64.7900,950385
1400418106,1,44.3960,64.7900,950386
1400418109,1,10.0000,64.7900,950387
1400418109,1,15.3140,64.7900,950388
1400418149,1,0.1000,64.7900,950389
1400418162,2,0.1000,64.7600,950390
1400418162,2,6.3583,64.7600,950391
1400418162,2,6.9000,64.7500,950392
1400418166,1,0.1000,64.7500,950393
1400418177,1,0.1000,64.7900,950394
1400418181,1,0.2500,64.7900,950395
1400418181,1,0.5000,64.7900,950396
1400418184,1,10.0000,64.7900,950397
1400418184,1,14.0000,64.7900,950398
1400418185,2,1.7660,64.7100,950399
1400418185,2,20.3584,64.7100,950400
1400418185,2,10.0000,64.7000,950401
1400418185,2,10.0000,64.6800,950402
1400418185,2,5.8738,64.6700,950403
1400418185,2,8.0000,64.6700,950404
1400418185,2,10.0000,64.6500,950405
1400418185,2,3.0018,64.6500,950406
1400418191,1,0.3000,64.7800,950407
1400418196,1,1.4660,64.7800,950408
1400418196,1,1.4660,64.7900,950409
1400418199,1,1.4660,64.7900,950410
1400418199,1,1.4660,64.7900,950411
1400418202,1,10.0000,64.7900,950412
1400418202,1,37.4360,64.7900,950413
1400418208,2,0.1000,64.7800,950414
1400418211,2,0.1000,64.7800,950415
1400418213,2,0.1000,64.7800,950416
1400418229,2,0.1000,64.7800,950417
1400418237,2,0.1000,64.7800,950418
1400418239,2,0.1000,64.7800,950419
1400418247,2,0.1000,64.7800,950420
1400418248,2,0.1000,64.7800,950421
1400418251,2,0.1000,64.7800,950422
1400418271,2,0.1000,64.7800,950423
1400418292,2,1.7680,64.7100,950424
1400418292,2,16.1476,64.7000,950425
1400418292,2,607.0844,64.6800,950426
1400418307,1,1.7680,64.7700,950427
1400418309,1,1.7680,64.7800,950428
1400418334,1,18.5749,64.7800,950429
1400418335,1,0.0002,64.7800,950430
1400418335,1,18.5748,64.7900,950431
1400418337,1,10.0000,64.7900,950432
1400418338,1,10.5210,64.7900,950433
1400418348,1,0.2000,64.7800,950434
1400418348,1,0.2000,64.7800,950435
1400418360,1,0.1000,64.7800,950436
1400418362,1,15.6476,64.7800,950437
1400418362,1,0.0994,64.7900,950438
1400418363,1,10.0000,64.7900,950439
1400418667,2,1.7690,64.7100,950440
1400418667,2,7.4209,64.7100,950441
1400418715,2,2.0000,64.7100,950442
1400418733,2,0.5791,64.7100,950443
1400418733,2,10.0000,64.7100,950444
1400418807,1,70.0000,64.7000,950445
1400418808,1,1.7690,64.6900,950446
1400418808,1,8.2310,64.7000,950447
1400418810,1,1.7690,64.7000,950448
1400418811,1,1.7690,64.7000,950449
1400418813,1,28.1048,64.7000,950450
1400418813,1,3.5372,64.7700,950451
1400418815,1,10.0000,64.7800,950452
1400419059,2,0.5000,64.7000,950453
1400419457,1,0.5000,64.7400,950454
1400419758,1,9.6327,64.7400,950455
1400419763,1,5.0000,64.7500,950456
1400419764,1,1.0000,64.7500,950457
1400419906,2,1.7680,64.7500,950458
1400419936,2,0.1000,64.7400,950459
1400419936,2,1.6680,64.7400,950460
1400420026,1,10.0000,64.7500,950461
1400420027,1,9.9993,64.8200,950462
1400420101,2,0.5000,64.7600,950463
1400420541,2,2.4000,64.7500,950464
1400420541,2,5.6000,64.7500,950465
1400420541,2,3.3320,64.7400,950466
1400420543,2,8.0000,64.7000,950467
1400420551,1,7.9900,64.7400,950468
1400420558,2,6.0000,64.7400,950469
1400420865,2,10.0160,64.7100,950470
1400420959,2,1.0600,64.7000,950471
1400420962,2,0.9400,64.7000,950472
1400421155,2,1.0000,64.6900,950473
1400421155,2,38.6792,64.6900,950474
1400421155,2,1.0000,64.6700,950475
1400421167,2,153.4000,64.6700,950476
1400421173,2,5.5788,64.6700,950477
1400421181,2,46.9982,64.6500,950478
1400421181,2,0.9000,64.6400,950479
1400421181,2,2.9264,64.6300,950480
1400421316,2,40.0000,64.6400,950481
1400421323,1,1.0000,64.6900,950482
1400421323,1,1.0000,64.6900,950483
1400421323,1,0.0600,64.7000,950484
1400421323,1,10.0000,64.7000,950485
1400421323,1,468.9699,64.7000,950486
1400421341,1,56.9530,64.7000,950487
1400421376,1,14.8295,64.7100,950488
1400421376,1,140.6005,64.7100,950489
1400421377,1,153.4000,64.7100,950490
1400421839,1,40.4800,64.7200,950491
1400421864,2,20.1887,64.7000,950492
1400421921,2,0.1530,64.7000,950493
1400421921,2,36.6113,64.7000,950494
1400422061,2,4.1000,64.7300,950495
1400422673,1,3.5500,64.7000,950496
1400422722,2,10.0000,64.6700,950497
1400422722,2,965.4060,64.6700,950498
1400422734,1,0.8000,64.7000,950499
1400422842,1,39.0000,64.6900,950500
1400422847,1,20.1918,64.6800,950501
1400422847,1,133.2082,64.6900,950502
1400422852,1,146.7950,64.6900,950503
1400422863,2,29.2691,64.6500,950504
1400422864,1,1.0000,64.6500,950505
1400422864,1,63.1500,64.6500,950506
1400422864,1,2.4600,64.6500,950507
1400422865,1,1.0000,64.6500,950508
1400422865,1,95.3350,64.6500,950509
1400422868,1,1.0000,64.6500,950510
1400422870,1,37.8386,64.6500,950511
1400422871,1,2.4600,64.6500,950512
1400422872,1,1.0000,64.6500,950513
1400422873,1,2.4600,64.6500,950514
1400422874,1,1.0000,64.6500,950515
1400422876,1,2.4600,64.6500,950516
1400422876,1,1.0000,64.6500,950517
1400422878,1,1.0000,64.6500,950518
1400422879,1,2.4000,64.6500,950519
1400422881,1,2.4000,64.6500,950520
1400422882,2,100.0000,64.6400,950521
1400422883,1,2.4000,64.6500,950522
1400422885,1,2.4000,64.6500,950523
1400422888,1,2.4000,64.6500,950524
1400422888,1,2.1407,64.6500,950525
1400422890,1,2.4000,64.6500,950526
1400422893,1,2.4000,64.6500,950527
1400422895,1,2.4000,64.6500,950528
1400422900,1,2.4000,64.6900,950529
1400422917,2,2.1407,64.6500,950530
1400422919,1,2.4000,64.6500,950531
1400422925,1,12.0000,64.6500,950532
1400422928,1,1.1100,64.6500,950533
1400422929,1,2.1410,64.6500,950534
1400422931,1,0.7770,64.6500,950535
1400422933,1,0.5430,64.6500,950536
1400422935,1,0.3810,64.6500,950537
1400422937,1,0.2360,64.6500,950538
1400422940,1,0.1650,64.6500,950539
1400423017,2,20.0116,64.6600,950540
1400423017,2,500.0000,64.6500,950541
1400423021,2,20.0152,64.6400,950542
1400423070,2,20.0000,64.6500,950543
1400423071,2,458.9446,64.6500,950544
1400423071,2,20.2617,64.6500,950545
1400423084,2,45.1144,64.6400,950546
1400423084,2,500.0000,64.6400,950547
1400423084,2,47.0000,64.6400,950548
1400423118,1,4.3500,64.6400,950549
1400423134,1,3.5356,64.6400,950550
1400423173,2,372.9416,64.6400,950551
1400423219,1,0.1400,64.6400,950552
1400423238,2,6.8264,64.6300,950553
1400423238,2,235.9023,64.6300,950554
1400423238,2,10.2693,64.6300,950555
1400423244,1,0.5000,64.6300,950556
1400423247,1,1.7070,64.6300,950557
1400423248,1,2.0000,64.6300,950558
1400423249,1,1.3120,64.6300,950559
1400423251,1,0.3180,64.6300,950560
1400423253,1,0.1050,64.6300,950561
1400423255,1,2.0000,64.6300,950562
1400423261,1,5.0000,64.6300,950563
1400423261,1,9.9900,64.6300,950564
1400423265,1,0.1000,64.6300,950565
1400423265,1,2.1406,64.6300,950566
1400423267,1,2.0000,64.6300,950567
1400423274,1,2.1406,64.6300,950568
1400423292,1,2.0000,64.6300,950569
1400423294,1,12.5322,64.6300,950570
1400423297,1,2.1406,64.6300,950571
1400423300,2,32.6630,64.6100,950572
1400423306,1,2.1406,64.6300,950573
1400423310,2,0.0004,64.6100,950574
1400423310,2,4.0000,64.6000,950575
1400423310,2,50.0000,64.6000,950576
1400423310,2,93.4595,64.6000,950577
1400423315,1,2.1406,64.6300,950578
1400423326,1,2.1406,64.6300,950579
1400423331,2,92.2076,64.6000,950580
1400423331,2,10.0000,64.6000,950581
1400423335,1,2.1406,64.6300,950582
1400423355,1,2.0000,64.6300,950583
1400423362,1,2.4000,64.6300,950584
1400423363,1,2.0000,64.6300,950585
1400423364,1,2.4000,64.6300,950586
1400423367,1,2.4000,64.6300,950587
1400423369,1,1.4354,64.6300,950588
1400423370,1,2.0000,64.6400,950589
1400423372,1,0.9646,64.6400,950590
1400423414,1,2.4000,64.6200,950591
1400423415,1,2.0000,64.6200,950592
1400423416,1,2.4000,64.6200,950593
1400423418,1,2.4000,64.6200,950594
1400423423,1,2.4000,64.6200,950595
1400423424,1,2.0000,64.6200,950596
1400423427,1,2.4000,64.6200,950597
1400423432,1,2.0000,64.6200,950598
1400423433,1,2.2568,64.6200,950599
1400423437,1,0.1432,64.6300,950600
1400423461,1,2.0000,64.6200,950601
1400423462,1,2.4000,64.6200,950602
1400423464,1,2.4000,64.6200,950603
1400423467,1,2.4000,64.6200,950604
1400423469,1,2.0000,64.6200,950605
1400423469,1,2.4000,64.6200,950606
1400423471,1,2.4000,64.6200,950607
1400423473,1,2.4000,64.6200,950608
1400423475,1,2.4000,64.6200,950609
1400423477,1,2.4000,64.6200,950610
1400423480,1,2.0000,64.6200,950611
1400423480,1,2.4000,64.6200,950612
1400423482,1,2.4000,64.6200,950613
1400423484,1,2.4000,64.6200,950614
1400423487,1,2.0000,64.6200,950615
1400423488,1,2.4000,64.6200,950616
1400423490,1,2.4000,64.6200,950617
1400423492,1,2.4000,64.6200,950618
1400423494,1,2.0000,64.6200,950619
1400423495,1,2.4000,64.6200,950620
1400423497,1,2.4000,64.6200,950621
1400423500,1,2.4000,64.6200,950622
1400423502,1,2.4000,64.6200,950623
1400423504,1,2.4000,64.6200,950624
1400423505,1,2.0000,64.6200,950625
1400423507,1,2.4000,64.6200,950626
1400423508,1,17.0540,64.6200,950627
1400423511,1,2.4000,64.6200,950628
1400423511,1,70.0000,64.6200,950629
1400423513,1,2.4000,64.6200,950630
1400423513,1,2.0000,64.6200,950631
1400423515,1,2.4000,64.6200,950632
1400423518,1,2.4000,64.6200,950633
1400423520,1,70.0000,64.6200,950634
1400423520,1,2.4000,64.6200,950635
1400423521,1,2.0000,64.6200,950636
1400423522,1,2.4000,64.6200,950637
1400423523,1,70.0000,64.6200,950638
1400423524,1,2.4000,64.6200,950639
1400423526,1,68.0150,64.6200,950640
1400423529,1,70.0000,64.6200,950641
1400423532,1,38.7060,64.6200,950642
1400423536,1,15.4250,64.6200,950643
1400423549,1,70.0000,64.6300,950644
1400423552,1,70.0000,64.6300,950645
1400423596,1,70.0000,64.6300,950646
1400423598,1,187.6492,64.6300,950647
1400423600,1,23.9538,64.6400,950648
1400423600,1,8.2000,64.7300,950649
1400423600,2,37.8462,64.7300,950650
1400423600,2,70.0000,64.6300,950651
1400423602,1,37.2620,64.6200,950652
1400423608,2,0.3600,64.7200,950653
1400423608,2,0.8400,64.7200,950654
1400423609,2,0.1000,64.6300,950655
1400423611,2,0.1000,64.6400,950656
1400423614,2,0.5013,64.6400,950657
1400423617,2,0.3509,64.6400,950658
1400423694,2,119.9000,64.6300,950659
1400423695,1,12.0000,64.6300,950660
1400423698,1,0.9522,64.6200,950661
1400423698,1,11.0478,64.6300,950662
1400423699,1,5.0000,64.6300,950663
1400423700,1,32.0000,64.6300,950664
1400423700,1,4.0000,64.6300,950665
1400423700,1,2.0000,64.6300,950666
1400423701,1,5.0000,64.6300,950667
1400423703,1,2.4000,64.6300,950668
1400423703,1,5.0000,64.6300,950669
1400423705,1,2.4000,64.6300,950670
1400423705,1,5.0000,64.6300,950671
1400423707,1,5.0000,64.6300,950672
1400423707,1,2.4000,64.6300,950673
1400423708,1,4.0000,64.6300,950674
1400423709,1,5.0000,64.6300,950675
1400423709,1,2.4000,64.6300,950676
1400423711,1,0.9000,64.6300,950677
1400423716,1,2.4000,64.6300,950678
1400423719,1,2.4000,64.6300,950679
1400423720,1,2.4000,64.6300,950680
1400423723,1,2.4000,64.6300,950681
1400423724,1,200.0000,64.6300,950682
1400423725,1,2.4000,64.6300,950683
1400423727,1,2.4000,64.6300,950684
1400423730,1,2.4000,64.6300,950685
1400423732,1,2.4000,64.6300,950686
1400423734,1,2.4000,64.6300,950687
1400423737,1,2.4000,64.6300,950688
1400423739,1,0.1760,64.6300,950689
1400423763,1,50.0000,64.6300,950690
1400423766,1,5.0000,64.6300,950691
1400423781,1,70.0000,64.6300,950692
1400423783,1,70.0000,64.6300,950693
1400423786,1,70.0000,64.6300,950694
1400423789,1,70.0000,64.6300,950695
1400423792,1,70.0000,64.6300,950696
1400423796,1,2.3360,64.6300,950697
1400423796,1,23.8247,64.6300,950698
1400423796,1,2.3353,64.6700,950699
1400423799,1,26.1600,64.6700,950700
1400424014,1,22.3000,64.6700,950701
1400424163,2,1.7710,64.6100,950702
1400424227,2,100.0000,64.6100,950703
1400424227,2,98.6900,64.6000,950704
1400424227,2,10.3300,64.6000,950705
1400424227,2,60.0000,64.6000,950706
1400424228,2,34.1587,64.6000,950707
1400424228,2,1.0354,64.5800,950708
1400424228,2,10.0000,64.5800,950709
1400424228,2,19.9717,64.5700,950710
1400424228,2,4.8342,64.5600,950711
1400424240,2,10.6477,64.5600,950712
1400424240,2,5.0573,64.5600,950713
1400424240,2,50.5292,64.5500,950714
1400424240,2,10.0000,64.5500,950715
1400424240,2,10.8424,64.5300,950716
1400424240,2,98.5905,64.5300,950717
1400424332,2,0.0122,64.5300,950718
1400424342,1,30.2004,64.6000,950719
1400424351,1,1.7710,64.5900,950720
1400424354,1,69.7990,64.6000,950721
1400424354,2,17.1633,64.5300,950722
1400424356,1,0.0006,64.6000,950723
1400424356,1,0.0994,64.6100,950724
1400424360,1,16.9630,64.6100,950725
1400424374,1,2.9150,64.6100,950726
1400424374,2,2.0000,64.6000,950727
1400424431,1,0.2000,64.6300,950728
1400424440,1,49.4150,64.6300,950729
1400424451,1,0.1000,64.6300,950730
1400424457,1,0.1000,64.6300,950731
1400424460,1,48.1850,64.6300,950732
1400424464,1,51.9150,64.6700,950733
1400424506,1,4.0000,64.6400,950734
1400424516,1,4.0000,64.6400,950735
1400424581,2,1.7710,64.5800,950736
1400424581,2,8.2290,64.5800,950737
1400424588,1,1.7710,64.6300,950738
1400424648,1,70.0000,64.6400,950739
1400424651,1,70.0000,64.6400,950740
1400424654,1,70.0000,64.6400,950741
1400424657,1,1.0000,64.6400,950742
1400424689,1,0.2000,64.6400,950743
1400424764,1,150.0000,64.6500,950744
1400424784,1,57.0000,64.6400,950745
1400424819,1,10.0000,64.6400,950746
1400424827,1,3.0000,64.6400,950747
1400424827,1,50.0000,64.6400,950748
1400424980,2,19.9941,64.5900,950749
1400424981,1,8.9652,64.5900,950750
1400424982,1,8.9652,64.6400,950751
1400424983,1,5.0000,64.6500,950752
1400425092,1,2.0000,64.6400,950753
1400425115,1,16.9414,64.6400,950754
1400425183,1,15.7998,64.6300,950755
1400425198,1,15.8000,64.6300,950756
1400425356,1,12.7623,64.6200,950757
1400425555,1,2.0000,64.6300,950758
1400425562,1,2.4000,64.6300,950759
1400425566,1,2.4000,64.6300,950760
1400425569,1,2.4000,64.6300,950761
1400425569,1,2.0000,64.6300,950762
1400425571,1,2.4000,64.6300,950763
1400425573,1,2.4000,64.6300,950764
1400425575,1,50.0000,64.6300,950765
1400425575,1,2.4000,64.6300,950766
1400425577,1,2.0000,64.6300,950767
1400425577,1,2.4000,64.6300,950768
1400425580,1,0.3630,64.6300,950769
1400425584,1,2.0000,64.6300,950770
1400425592,1,2.0000,64.6300,950771
1400425599,1,0.1000,64.6300,950772
1400425600,1,2.0000,64.6300,950773
1400425601,1,5.0000,64.6300,950774
1400425602,1,4.0000,64.6300,950775
1400425603,1,5.0000,64.6300,950776
1400425605,1,9.9900,64.6300,950777
1400425607,1,2.0000,64.6300,950778
1400425611,1,5.0000,64.6300,950779
1400425611,1,5.3500,64.6300,950780
1400425615,1,2.3000,64.6300,950781
1400425616,1,2.0000,64.6300,950782
1400425618,1,1.2800,64.6300,950783
1400425621,1,2.1561,64.6300,950784
1400425664,1,0.5540,64.6400,950785
1400425666,1,0.4984,64.6400,950786
1400425666,1,1.5016,64.6400,950787
1400425678,1,2.0000,64.6400,950788
1400425685,1,2.0000,64.6400,950789
1400425737,1,2.7709,64.6400,950790
1400425737,1,2.1561,64.6400,950791
1400425737,1,138.1787,64.6500,950792
1400425737,1,50.0000,64.6500,950793
1400425832,2,1.0166,64.6200,950794
1400426618,2,5.9352,64.6600,950795
1400426627,2,4.1547,64.6600,950796
1400426633,2,2.9083,64.6600,950797
1400426957,1,1.0166,64.7100,950798
1400426960,1,0.1000,64.7200,950799
1400426960,1,100.0000,64.7200,950800
1400426970,1,4.0000,64.7400,950801
1400426970,1,4.0000,64.7400,950802
1400426970,1,6.0000,64.7500,950803
1400426970,1,4.0000,64.7500,950804
1400426970,1,491.5430,64.8000,950805
1400426973,1,5.0000,64.7900,950806
1400426988,1,127.4200,64.7800,950807
1400427295,2,1.7720,64.6700,950808
1400427295,2,0.2280,64.6500,950809
1400427302,2,1.9987,64.6500,950810
1400427310,2,2.0000,64.6500,950811
1400427343,1,1.7720,64.7400,950812
1400427343,1,2.0000,64.7500,950813
1400427343,1,66.2280,64.7500,950814
1400427391,2,1.7740,64.6500,950815
1400427391,2,0.2243,64.6400,950816
1400427399,2,2.0000,64.6400,950817
1400427406,2,1.7757,64.6400,950818
1400427406,2,0.2243,64.6200,950819
1400427462,2,1.9975,64.6200,950820
1400427470,2,1.9974,64.6200,950821
1400427476,2,1.9974,64.6200,950822
1400427483,2,2.0000,64.6200,950823
1400427490,2,1.9975,64.6200,950824
1400427496,2,2.0000,64.6200,950825
1400427504,2,2.0000,64.6200,950826
1400427510,2,2.0000,64.6200,950827
1400427516,2,12.5361,64.6200,950828
1400427516,2,45.2717,64.6200,950829
1400427517,2,1.9981,64.6200,950830
1400427523,2,2.0000,64.6200,950831
1400427529,1,1.7740,64.7100,950832
1400427530,2,1.0000,64.7100,950833
1400427530,2,10.2230,64.7100,950834
1400427530,2,1.0000,64.6200,950835
1400427531,2,11.2230,64.6200,950836
1400427554,2,1.7760,64.6300,950837
1400427554,2,0.2240,64.6200,950838
1400427556,1,1.7760,64.7000,950839
1400427556,1,1.0000,64.7100,950840
1400427556,1,50.7240,64.7200,950841
1400427561,2,1.7780,64.6300,950842
1400427561,2,0.2206,64.6200,950843
1400427568,2,1.9989,64.6200,950844
1400427950,1,1.7780,64.6400,950845
1400427982,2,1.7790,64.6300,950846
1400427982,2,1.0000,64.6200,950847
1400427984,1,27.1210,64.6200,950848
1400427985,2,1.7790,64.6200,950849
1400428001,1,22.0000,64.7800,950850
1400428032,2,0.5334,64.6300,950851
1400428041,2,4.3111,64.7000,950852
1400428042,2,9.9900,64.7000,950853
1400428042,2,0.0695,64.7000,950854
1400428042,2,1.2446,64.6300,950855
1400428042,2,10.0000,64.6000,950856
1400428042,2,3.0565,64.6000,950857
1400428043,2,10.0000,64.6000,950858
1400428044,2,14.3700,64.6000,950859
1400428171,1,1.7780,64.6800,950860
1400428173,2,2.4666,64.6800,950861
1400428175,2,1.0000,64.6800,950862
1400428175,2,4.7554,64.6800,950863
1400428175,2,3.4666,64.6000,950864
1400428175,2,6.5334,64.6000,950865
1400428175,2,1.6886,64.5900,950866
1400428176,2,5.7550,64.5900,950867
1400428507,2,1.7810,64.6000,950868
1400428507,2,10.0000,64.6000,950869
1400428507,2,189.4410,64.6000,950870
1400428817,2,100.0000,64.5800,950871
1400428916,2,80.0000,64.5800,950872
1400429147,1,1.7810,64.6500,950873
1400429147,1,398.2190,64.6600,950874
1400429235,2,0.5346,64.5900,950875
1400429259,2,0.3742,64.5900,950876
1400429263,2,0.2619,64.5900,950877
1400429267,2,0.1833,64.5900,950878
1400429279,2,0.1284,64.5900,950879
1400429290,2,3.5313,64.5800,950880
1400429295,2,2.4719,64.5800,950881
1400429299,2,1.7303,64.5800,950882
1400429316,2,1.2112,64.5800,950883
1400429320,2,0.8478,64.5800,950884
1400429324,2,0.5935,64.5800,950885
1400429330,2,0.4155,64.5800,950886
1400429334,2,0.2908,64.5800,950887
1400429337,2,0.2036,64.5800,950888
1400429341,2,0.1425,64.5800,950889
1400429680,1,1.4824,64.5900,950890
1400429682,2,15.3300,64.5900,950891
1400429716,2,0.3326,64.5800,950892
1400429716,2,10.0000,64.5500,950893
1400429716,2,3.0000,64.5500,950894
1400429716,2,10.0000,64.5200,950895
1400429716,2,10.0000,64.5200,950896
1400429716,2,6.7861,64.5100,950897
1400429716,2,94.8813,64.5100,950898
1400429743,1,10.0000,64.5700,950899
1400429746,1,8.2030,64.5700,950900
1400429840,1,7.5000,64.5700,950901
1400430144,2,0.0500,64.5100,950902
1400430144,2,5.0000,64.5000,950903
1400430144,2,9.6188,64.5000,950904
1400430144,2,50.0000,64.5000,950905
1400430144,2,38.2212,64.5000,950906
1400430145,2,16.5829,64.5000,950907
1400430209,2,23.4969,64.5000,950908
1400430213,1,19.7885,64.5400,950909
1400430213,1,7.0000,64.5700,950910
1400430213,1,10.0000,64.5700,950911
1400430213,1,39.1783,64.5800,950912
1400430213,1,24.0332,64.5900,950913
1400430222,2,1.7840,64.5100,950914
1400430222,2,4.8236,64.5100,950915
1400430226,2,4.6253,64.5100,950916
1400430230,2,3.2377,64.5100,950917
1400430236,2,2.2664,64.5100,950918
1400430241,2,1.5865,64.5100,950919
1400430249,2,1.1105,64.5100,950920
1400430255,2,0.7774,64.5100,950921
1400430256,2,1.8140,64.5100,950922
1400430256,2,21.6990,64.5000,950923
1400430256,2,22.1970,64.5000,950924
1400430261,2,40.0000,64.5000,950925
1400430268,2,2.8975,64.5000,950926
1400430268,2,37.1025,64.5000,950927
1400430272,2,15.0300,64.5000,950928
1400430279,2,15.0300,64.5000,950929
1400430284,2,15.0300,64.5000,950930
1400430285,2,100.0000,64.5000,950931
1400430290,2,15.0300,64.5000,950932
1400430294,2,15.0300,64.5000,950933
1400430297,2,1.7840,64.5000,950934
1400430298,2,15.0300,64.5000,950935
1400430330,2,40.0000,64.5000,950936
1400430360,1,20.2323,64.5200,950937
1400430364,2,1.7840,64.5300,950938
1400430364,2,1.1463,64.5200,950939
1400430542,2,33.0541,64.5300,950940
1400430548,2,70.0000,64.5300,950941
1400430551,2,0.3021,64.5300,950942
1400430551,2,69.6979,64.5200,950943
1400430553,2,12.1447,64.5200,950944
1400430559,2,8.5013,64.5200,950945
1400430563,2,5.9509,64.5200,950946
1400430568,2,13.8850,64.5200,950947
1400430681,2,0.0006,64.5200,950948
1400430681,2,1.9994,64.5100,950949
1400430683,2,0.3411,64.5100,950950
1400430687,2,7.6595,64.5100,950951
1400430687,2,4.3545,64.5100,950952
1400430687,2,0.3411,64.5100,950953
1400430690,2,15.2135,64.5100,950954
1400430690,2,1.0025,64.5100,950955
1400430691,2,4.7700,64.5100,950956
1400430692,2,70.0000,64.5100,950957
1400430695,2,1.2682,64.5100,950958
1400430696,2,2.9593,64.5100,950959
1400430696,2,67.0407,64.5000,950960
1400430698,2,4.7700,64.5000,950961
1400430698,2,11.8029,64.5000,950962
1400430698,2,2.0000,64.5000,950963
1400430698,2,26.5141,64.5000,950964
1400430698,2,29.6830,64.5000,950965
1400430701,2,70.0000,64.5000,950966
1400430702,2,4.7700,64.5000,950967
1400430705,2,35.0030,64.5000,950968
1400430707,2,43.2215,64.5000,950969
1400430707,2,26.7785,64.5000,950970
1400430717,2,40.0000,64.5300,950971
1400430873,1,1.7840,64.5400,950972
1400430873,1,7.2160,64.5400,950973
1400430875,1,2.0000,64.5400,950974
1400430977,1,0.1667,64.5400,950975
1400431078,2,9.0000,64.5100,950976
1400431080,1,1.0000,64.5100,950977
1400431080,1,1.0000,64.5100,950978
1400431080,1,15.9003,64.5100,950979
1400431081,1,53.0997,64.5100,950980
1400431121,2,0.1000,64.5100,950981
1400431122,2,13.0615,64.5000,950982
1400431795,2,100.0000,64.5100,950983
1400431796,1,1.0000,64.5100,950984
1400431797,1,18.1864,64.5100,950985
1400431797,1,62.3100,64.5100,950986
1400431797,1,99.5900,64.5100,950987
1400431797,1,1.0000,64.5100,950988
1400431798,1,0.6000,64.5100,950989
1400431799,1,1.0000,64.5100,950990
1400431799,2,19.9156,64.5000,950991
1400431801,1,1.0000,64.5100,950992
1400431801,1,15.3190,64.5100,950993
1400431806,1,10.1230,64.5100,950994
1400431808,1,7.0860,64.5100,950995
1400431826,2,10.5614,64.5000,950996
1400431831,1,2.0000,64.5000,950997
1400431831,1,0.6000,64.5000,950998
1400431836,1,0.6000,64.5000,950999
1400431838,1,0.6000,64.5000,951000
1400431838,1,2.0000,64.5000,951001
1400431842,1,0.6000,64.5000,951002
1400431844,1,0.6000,64.5000,951003
1400431847,1,0.6000,64.5000,951004
1400431849,1,0.6000,64.5000,951005
1400431851,1,0.6000,64.5000,951006
1400431853,1,0.6000,64.5000,951007
1400431854,1,2.0000,64.5000,951008
1400431856,1,0.6000,64.5000,951009
1400431858,1,0.6000,64.5000,951010
1400431860,1,0.6000,64.5000,951011
1400431862,1,2.0000,64.5000,951012
1400431862,1,0.6000,64.5000,951013
1400431865,1,0.6000,64.5000,951014
1400431867,1,0.6000,64.5000,951015
1400431869,1,0.6000,64.5000,951016
1400431870,1,2.0000,64.5000,951017
1400431872,1,0.6000,64.5000,951018
1400431874,1,0.6000,64.5000,951019
1400431876,1,0.6000,64.5000,951020
1400431878,1,2.0000,64.5000,951021
1400431878,1,66.0386,64.5000,951022
1400431882,1,0.6000,64.5100,951023
1400431900,1,0.1000,64.5100,951024
1400431903,1,0.1000,64.5100,951025
1400431921,2,33.9614,64.5000,951026
1400431950,1,66.0386,64.5000,951027
1400431954,2,50.0000,64.4900,951028
1400431982,1,40.0000,64.4900,951029
1400431984,1,40.0000,64.4900,951030
1400431988,1,0.6173,64.5400,951031
1400431993,1,15.9668,64.5900,951032
1400431993,1,23.4159,64.5900,951033
1400432005,2,1.7860,64.4600,951034
1400432005,2,10.0000,64.4500,951035
1400432005,2,23.4670,64.4500,951036
1400432005,2,10.0000,64.4300,951037
1400432005,2,29.0358,64.4200,951038
1400432005,2,200.0000,64.4100,951039
1400432005,2,19.9742,64.4100,951040
1400432005,2,73.6790,64.4000,951041
1400432005,2,200.0000,64.4000,951042
1400432007,1,9.9900,64.4000,951043
1400432008,1,35.2520,64.4000,951044
1400432008,1,100.0000,64.4000,951045
1400432008,1,142.8160,64.4000,951046
1400432008,2,1.7860,64.4100,951047
1400432012,1,18.6790,64.5600,951048
1400432013,1,1.2940,64.5600,951049
1400432013,1,8.7060,64.5800,951050
1400432025,1,35.2520,64.5800,951051
1400432418,2,0.5355,64.4400,951052
1400432450,2,0.6000,64.4300,951053
1400432450,2,0.2000,64.4000,951054
1400432450,2,0.6000,64.4000,951055
1400432450,2,9.4907,64.3700,951056
1400432450,2,19.9018,64.3700,951057
1400432450,2,25.2075,64.3700,951058
1400432486,1,0.5355,64.4900,951059
1400432486,1,5.7245,64.4900,951060
1400432488,1,7.0000,64.4900,951061
1400432658,1,1.0000,64.4700,951062
1400432778,1,42.6470,64.4600,951063
1400432799,1,30.0000,64.4600,951064
1400432802,1,20.8790,64.4600,951065
1400432805,1,0.1000,64.4600,951066
1400432809,1,6.3740,64.4600,951067
1400432809,1,0.1000,64.4700,951068
1400432840,1,0.1000,64.4700,951069
1400432843,1,5.9780,64.4700,951070
1400432846,1,0.0007,64.4700,951071
1400432846,1,5.9773,64.5600,951072
1400433292,2,0.5358,64.4100,951073
1400433379,2,0.3750,64.4100,951074
1400433383,2,0.2625,64.4100,951075
1400433387,2,0.1838,64.4100,951076
1400433390,2,0.1286,64.4100,951077
1400434075,1,1.4857,64.5300,951078
1400434079,1,1.5143,64.5400,951079
1400434090,1,0.6000,64.5800,951080
1400434335,1,5.4416,64.5800,951081
1400434349,1,0.0004,64.5800,951082
1400434352,1,10.0000,64.6000,951083
1400434354,2,29.9996,64.6000,951084
1400434359,1,9.4100,64.6300,951085
1400434361,1,2.8230,64.6300,951086
1400434362,1,5.0000,64.6300,951087
1400434525,1,0.1370,64.6300,951088
1400434988,2,1.7880,64.4500,951089
1400434988,2,8.2120,64.4500,951090
1400435033,1,1.7880,64.6100,951091
1400435033,1,43.4112,64.6200,951092
1400435033,1,82.6300,64.6700,951093
1400435033,1,1.0000,64.6800,951094
1400435033,1,1.0000,64.6800,951095
1400435033,1,20.1708,64.6800,951096
1400435329,2,1.7880,64.6100,951097
1400435329,2,116.6340,64.6000,951098
1400435628,1,1.7880,64.6600,951099
1400438454,2,1.7930,64.4600,951100
1400438454,2,7.0869,64.4400,951101
1400438603,1,12.8120,64.5000,951102
1400438608,1,7.7000,64.5000,951103
1400438611,1,0.1000,64.4900,951104
1400438612,1,0.2150,64.4900,951105
1400438615,1,1.4000,64.4900,951106
1400438615,1,0.0780,64.4900,951107
1400438622,1,11.8029,64.5900,951108
1400438624,2,3.1191,64.5900,951109
1400438624,2,3.1000,64.5200,951110
1400438625,2,2.0000,64.5200,951111
1400438705,2,0.0100,64.5600,951112
1400438824,1,0.0900,64.5600,951113
1400438824,1,0.1000,64.5600,951114
1400438863,2,0.0100,64.5500,951115
1400438863,2,0.0100,64.5400,951116
1400438866,1,6.9700,64.5400,951117
1400438920,2,0.0100,64.5300,951118
1400438923,2,6.2550,64.5200,951119
1400438936,2,6.1935,64.5200,951120
1400438936,2,14.4515,64.5200,951121
1400438951,1,0.4000,64.5200,951122
1400438951,1,0.1000,64.5200,951123
1400438958,1,0.0900,64.5300,951124
1400438958,1,0.1000,64.5300,951125
1400438958,1,0.1000,64.5300,951126
1400438963,1,0.1000,64.5500,951127
1400438966,1,2.0030,64.5700,951128
1400439748,2,0.0100,64.5600,951129
1400439791,2,2.0000,64.5000,951130
1400439811,1,2.0000,64.5000,951131
1400439811,1,62.1405,64.5000,951132
1400439853,2,0.4000,64.5000,951133
1400440138,2,0.5382,64.4600,951134
1400441662,1,0.5382,64.5500,951135
1400441662,1,15.2618,64.5500,951136
1400441857,1,0.0100,64.5400,951137
1400441857,1,1.9900,64.5500,951138
1400441860,1,0.9320,64.5300,951139
1400443730,1,34.0626,64.5500,951140
1400443730,1,119.3374,64.5500,951141
1400443730,1,3.1300,64.5500,951142
1400443732,1,0.1000,64.5600,951143
1400443734,2,2.0000,64.5700,951144
1400443736,1,0.3000,64.5800,951145
1400443738,1,2.8091,64.5800,951146
1400443738,1,0.1909,64.5900,951147
1400443739,1,1.8091,64.5900,951148
1400443739,1,2.0000,64.5900,951149
1400443739,1,55.1301,64.5900,951150
1400443743,1,1.0000,64.6000,951151
1400443747,1,4.4630,64.6300,951152
1400443756,1,0.3000,64.6300,951153
1400444025,2,0.1000,64.6000,951154
1400444025,2,2.0000,64.5900,951155
1400444287,2,0.4950,64.5800,951156
1400444289,2,0.4950,64.5800,951157
1400444290,2,0.4815,64.5800,951158
1400444290,2,0.1000,64.5800,951159
1400444295,2,0.1586,64.5800,951160
1400444300,2,0.1110,64.5800,951161
1400444621,2,0.2592,64.5800,951162
1400444621,2,29.9000,64.5700,951163
1400444621,2,4.0000,64.5700,951164
1400444622,2,1.0000,64.5600,951165
1400444622,2,0.6000,64.5600,951166
1400444623,2,0.4000,64.5600,951167
1400445160,1,0.6000,64.5600,951168
1400445160,1,1.0000,64.5600,951169
1400445160,1,0.5389,64.5600,951170
1400445232,1,0.4611,64.5600,951171
1400445232,1,0.0999,64.5600,951172
1400445234,1,0.0001,64.5600,951173
1400445238,2,0.0999,64.5600,951174
1400445238,2,0.1000,64.5600,951175
1400445240,1,2.0000,64.5500,951176
1400445248,1,0.7500,64.5700,951177
1400447335,1,1.2500,64.5700,951178
1400447337,2,0.6405,64.5700,951179
1400447432,1,0.1000,64.5700,951180
1400448644,1,0.1978,64.6100,951181
1400448954,1,0.0609,64.6100,951182
1400448994,1,9.7411,64.6100,951183
1400449143,1,0.0002,64.6100,951184
1400449147,2,0.0998,64.6100,951185
1400449361,1,0.3954,64.5800,951186
1400450213,2,1.7940,64.4800,951187
1400450215,1,2.0000,64.4800,951188
1400450215,1,4.7840,64.4800,951189
1400450215,1,1.0000,64.4800,951190
1400450216,1,1.0000,64.4800,951191
1400450216,1,5.0000,64.4800,951192
1400450217,1,36.4100,64.4800,951193
1400450217,1,3.0480,64.4800,951194
1400450217,1,94.4700,64.4800,951195
1400450218,1,4.0000,64.4800,951196
1400450218,1,1.0000,64.4800,951197
1400450218,1,9.9900,64.4800,951198
1400450220,1,1.0000,64.4800,951199
1400450220,1,30.8840,64.4800,951200
1400450221,1,1.0000,64.4800,951201
1400450223,1,1.0000,64.4700,951202
1400450224,1,0.7940,64.4700,951203
1400450224,1,20.2250,64.4800,951204
1400450224,1,0.7000,64.4800,951205
1400450227,1,14.5030,64.4800,951206
1400450227,1,2.0000,64.4800,951207
1400450229,1,9.2220,64.4800,951208
1400450231,1,6.4560,64.4800,951209
1400450233,1,4.5190,64.4800,951210
1400450235,1,3.1630,64.4800,951211
1400450238,1,2.2140,64.4800,951212
1400450240,1,5.0000,64.4800,951213
1400450241,1,1.5500,64.4800,951214
1400450285,2,0.1000,64.4700,951215
1400450287,1,40.0000,64.4700,951216
1400450289,1,6.2590,64.4700,951217
1400450290,1,2.0000,64.4700,951218
1400450292,1,135.9897,64.4700,951219
1400450298,1,2.0000,64.4700,951220
1400450305,1,2.0000,64.4700,951221
1400450313,1,2.0000,64.4700,951222
1400450321,1,2.0000,64.4700,951223
1400450333,1,2.0000,64.4700,951224
1400450340,1,2.0000,64.4700,951225
1400450348,1,2.0000,64.4700,951226
1400450356,1,2.0000,64.4700,951227
1400450364,1,2.0000,64.4700,951228
1400450371,1,2.0000,64.4700,951229
1400450379,1,2.0000,64.4700,951230
1400450387,1,2.0000,64.4700,951231
1400450395,1,2.0000,64.4700,951232
1400450403,1,2.0000,64.4700,951233
1400450411,1,2.0000,64.4700,951234
1400450418,1,2.0000,64.4700,951235
1400450427,1,2.0000,64.4700,951236
1400450434,1,2.0000,64.4700,951237
1400450441,1,2.0000,64.4700,951238
1400450449,1,2.0000,64.4700,951239
1400450462,1,2.0000,64.4700,951240
1400450470,1,2.0000,64.4700,951241
1400450478,1,2.0000,64.4700,951242
1400450485,1,2.0000,64.4700,951243
1400450494,1,2.0000,64.4700,951244
1400450501,1,2.0000,64.4700,951245
1400450514,1,2.0000,64.4700,951246
1400450522,1,2.0000,64.4700,951247
1400450530,1,2.0000,64.4700,951248
1400450537,1,2.0000,64.4700,951249
1400450546,1,2.0000,64.4700,951250
1400450553,1,2.0000,64.4700,951251
1400450561,1,2.0000,64.4700,951252
1400450575,1,2.0000,64.4700,951253
1400450582,1,2.0000,64.4700,951254
1400450589,1,2.0000,64.4700,951255
1400450597,1,2.0000,64.4700,951256
1400450605,1,2.0000,64.4700,951257
1400450608,1,32.0000,64.4700,951258
1400450608,1,5.0000,64.4700,951259
1400450609,1,4.0000,64.4700,951260
1400450610,1,5.0000,64.4700,951261
1400450613,1,5.0000,64.4700,951262
1400450615,1,5.0000,64.4700,951263
1400450615,1,31.2000,64.4700,951264
1400450615,1,2.0000,64.4700,951265
1400450616,1,0.8327,64.4700,951266
1400450616,1,1.9673,64.4800,951267
1400451095,1,3.0000,64.4800,951268
1400451102,1,4.2000,64.4800,951269
1400451104,1,0.4000,64.4800,951270
1400451105,1,32.0000,64.4800,951271
1400451112,1,31.0000,64.4800,951272
1400451117,1,10.8821,64.4800,951273
1400451207,1,0.0230,64.5200,951274
1400451361,1,0.0407,64.5200,951275
1400451665,1,1.0006,64.5400,951276
1400452117,2,1.7940,64.4700,951277
1400452119,2,1.7940,64.4600,951278
1400452121,1,5.0000,64.4700,951279
1400452121,1,0.2000,64.4700,951280
1400452122,1,3.0000,64.4700,951281
1400452123,1,5.0000,64.4700,951282
1400452124,1,2.2000,64.4700,951283
1400452126,1,3.2400,64.4700,951284
1400452129,1,11.1292,64.4700,951285
1400452130,1,1.0000,64.5500,951286
1400452132,1,1.6080,64.5500,951287
1400452146,1,1.6080,64.5500,951288
1400452408,1,0.0100,64.5200,951289
1400452408,1,1.0000,64.5300,951290
1400452408,1,5.6018,64.5500,951291
1400452408,1,9.0000,64.5500,951292
1400452408,1,881.8370,64.5500,951293
1400452411,2,2.0000,64.5500,951294
1400452411,2,0.5512,64.5500,951295
1400453033,1,1.5048,64.5800,951296
1400453065,1,0.1000,64.6100,951297
1400453211,2,1.7910,64.5900,951298
1400453211,2,0.4952,64.5800,951299
1400453234,1,1.7910,64.5700,951300
1400453234,1,0.2090,64.5800,951301
1400453285,1,0.5500,64.5800,951302
1400453428,1,1.1228,64.5800,951303
1400453430,1,2.6572,64.6500,951304
1400453438,2,1.0000,64.5900,951305
1400453445,1,1.0000,64.6400,951306
1400453447,2,2.7800,64.6400,951307
1400453450,1,1.1220,64.6300,951308
1400453485,1,0.9992,64.6500,951309
1400453631,2,1.0000,64.5900,951310
1400453664,1,0.9992,64.6400,951311
1400453778,2,0.0400,64.6000,951312
1400453800,1,0.0008,64.6400,951313
1400453803,2,0.0392,64.6400,951314
1400454114,1,1.3436,64.6500,951315
1400454114,1,2.0000,64.6500,951316
1400454115,2,0.8784,64.6500,951317
1400454314,2,1.1854,64.5900,951318
1400454337,1,1.1854,64.6500,951319
1400454340,2,1.1443,64.6500,951320
1400454340,2,2.6703,64.6500,951321
1400454358,1,19.1003,64.6600,951322
1400454363,2,40.0000,64.6600,951323
1400454363,2,40.0000,64.6600,951324
1400454367,2,40.0000,64.6600,951325
1400454368,2,40.0000,64.6600,951326
1400454371,2,39.0000,64.6600,951327
1400454380,2,9.6135,64.6600,951328
1400454383,2,20.4916,64.6600,951329
1400454392,2,9.6135,64.6600,951330
1400454397,2,9.6135,64.6600,951331
1400454403,2,28.0000,64.6600,951332
1400454404,2,0.5870,64.6600,951333
1400455110,2,0.5379,64.5900,951334
1400455681,2,20.4706,64.6100,951335
1400455681,2,132.4994,64.6000,951336
1400455681,2,94.8600,64.6000,951337
1400455946,2,1.0000,64.6000,951338
1400455984,1,0.5379,64.6600,951339
1400456040,1,0.4611,64.6700,951340
1400456118,2,10.0000,64.6100,951341
1400456121,1,98.4854,64.6100,951342
1400456171,2,87.0000,64.6200,951343
1400456171,2,1.7930,64.6100,951344
1400456171,2,10.0000,64.6100,951345
1400456172,1,1.2070,64.6100,951346
1400456377,1,1.7930,64.6600,951347
1400456380,1,54.1300,64.6700,951348
1400456382,1,0.1000,64.6700,951349
1400456383,1,2.0000,64.6700,951350
1400456383,1,1.2000,64.6700,951351
1400456386,1,1.2000,64.6700,951352
1400456391,1,2.0000,64.6700,951353
1400456395,1,18.6901,64.6700,951354
1400456397,1,20.0000,64.6800,951355
1400456401,1,11.0000,64.7000,951356
1400456401,1,1.8220,64.7000,951357
1400456425,1,7.1020,64.7000,951358
1400456427,1,2.0760,64.7000,951359
1400456427,1,13.1271,64.7000,951360
1400456427,1,2.7969,64.7000,951361
1400456427,1,0.2310,64.7000,951362
1400456429,1,0.1000,64.7000,951363
1400456457,1,25.4981,64.7000,951364
1400456460,1,12.3319,64.7100,951365
1400456471,2,0.9310,64.6800,951366
1400456483,1,4.7400,64.7100,951367
1400456485,1,6.0000,64.7100,951368
1400456485,1,2.5380,64.7100,951369
1400456487,1,1.3901,64.7100,951370
1400456490,1,4.0000,64.7700,951371
1400456492,2,1.0000,64.7700,951372
1400456492,2,1.7920,64.6900,951373
1400456492,2,32.8179,64.6900,951374
1400456494,2,3.0000,64.6900,951375
1400456494,2,34.6090,64.6900,951376
1400456495,1,33.6099,64.7600,951377
1400456594,1,1.7920,64.7300,951378
1400456597,1,6.6080,64.7400,951379
1400456632,1,6.4630,64.7400,951380
1400456649,1,6.9290,64.7400,951381
1400456649,1,0.0009,64.7500,951382
1400456699,1,27.6800,64.7500,951383
1400456701,1,6.1370,64.7500,951384
1400456702,1,29.8090,64.7500,951385
1400456703,1,2.9350,64.7500,951386
1400456709,1,6.1370,64.7500,951387
1400456760,1,0.1000,64.7600,951388
1400456830,1,6.1690,64.7600,951389
1400456830,1,1.8510,64.7600,951390
1400456865,2,5.0000,64.7100,951391
1400456965,1,1.9700,64.7600,951392
1400456967,1,1.9700,64.7700,951393
1400456970,1,25.0300,64.7700,951394
1400456973,1,25.0300,64.7800,951395
1400456975,2,20.0000,64.7700,951396
1400456980,1,9.6740,64.7800,951397
1400457020,2,2.1000,64.7600,951398
1400457027,2,1.4700,64.7600,951399
1400457031,2,1.0290,64.7600,951400
1400457033,1,15.2960,64.7800,951401
1400457033,1,96.3580,64.7800,951402
1400457035,2,0.7203,64.7800,951403
1400457036,2,1.0000,64.7800,951404
1400457036,2,17.7270,64.7800,951405
1400457039,2,0.9204,64.7800,951406
1400457046,2,1.8099,64.7800,951407
1400457049,2,1.8099,64.7800,951408
1400457053,2,1.8099,64.7800,951409
1400457057,2,1.8099,64.7800,951410
1400457115,1,0.1800,64.7900,951411
1400457129,1,20.2790,64.7900,951412
1400457132,1,0.0003,64.7900,951413
1400457132,1,0.0997,64.8000,951414
1400457147,2,2.0000,64.7600,951415
1400457168,1,8.3573,64.8000,951416
1400457168,1,9.2377,64.8000,951417
1400457169,1,6.1790,64.8000,951418
1400457209,1,0.5240,64.8000,951419
1400457216,1,3.2100,64.8000,951420
1400457220,1,8.1970,64.8000,951421
1400457223,1,18.4960,64.8000,951422
1400457243,1,15.8000,64.8000,951423
1400457261,1,15.8000,64.8000,951424
1400457262,2,1.0000,64.7900,951425
1400457282,1,15.8000,64.8000,951426
1400457370,2,0.1550,64.7900,951427
1400457498,2,0.4010,64.7600,951428
1400457504,1,14.5710,64.7600,951429
1400457507,1,40.6830,64.7600,951430
1400457507,1,1.8450,64.7900,951431
1400457507,1,12.7260,64.8000,951432
