1395532930,2,0.1000,96.0200
1395532930,2,103.0900,96.0100
1395532934,2,71.3300,96.0100
1395532934,2,100.0000,96.0000
1395532934,2,0.1000,96.0000
1395532934,2,4.9087,96.0000
1395533014,1,174.4200,95.9900
1395533108,1,25.0000,95.9900
1395533214,2,8.0641,95.9400
1395533242,2,46.5820,95.9300
1395533296,2,174.7300,95.8200
1395533320,2,56.5807,95.8100
1395533814,1,1.0000,95.8900
1395533903,2,1.0000,95.7400
1395533903,2,100.0000,95.7300
1395533903,2,9.4086,95.7200
1395533957,2,27.1432,95.7200
1395534001,2,50.0000,95.7000
1395534062,2,1.0000,95.6800
1395534063,2,0.0502,95.6800
1395534268,2,0.4705,95.7000
1395534339,2,0.0100,95.7000
1395534342,1,0.0502,95.7600
1395534350,2,0.4200,95.7600
1395534408,2,1.0000,95.7100
1395534408,2,23.5006,95.7000
1395534408,2,0.4200,95.6800
1395534408,2,0.0500,95.6800
1395534408,2,26.0998,95.6800
1395534408,2,100.0000,95.6700
1395534408,2,45.7692,95.6700
1395534420,1,174.7366,95.6600
1395534420,1,315.4008,95.6700
1395534437,1,50.0000,95.6700
1395534439,1,124.7366,95.6700
1395534558,1,0.1000,95.8000
1395534566,2,0.0100,95.7000
1395534610,1,0.9000,95.8000
1395534786,2,0.1000,95.8000
1395534786,2,174.6100,95.7300
1395534786,2,3.0513,95.7300
1395534786,2,130.0000,95.7200
1395534786,2,4.7300,95.7200
1395534786,2,106.6485,95.7000
1395534810,2,99.9900,95.7000
1395534861,1,0.0239,95.7900
1395534901,1,100.0000,95.6900
1395534911,1,74.5861,95.6900
1395534919,1,115.6898,95.7000
1395534927,1,25.4112,95.7000
1395534927,1,174.5616,95.7000
1395534950,2,174.5600,95.7200
1395535056,1,0.0200,95.7100
1395535113,2,0.0746,95.7100
1395535126,2,100.0000,95.6000
1395535126,2,15.0000,95.6000
1395535134,2,1.9000,95.5800
1395535143,1,133.5160,95.5700
1395535144,2,133.5700,95.5300
1395535144,2,1.9000,95.5300
1395535155,2,61.8800,95.5400
1395535155,2,3.2625,95.5200
1395535240,2,174.6140,95.5500
1395535251,2,51.0000,95.5600
1395535262,2,74.7403,95.5200
1395535262,2,196.7375,95.5200
1395535262,2,51.1900,95.5200
1395535262,2,29.3762,95.5000
1395535262,2,100.0000,95.5000
1395535266,1,44.4400,95.5000
1395535414,2,0.1000,95.4000
1395535448,1,2.3460,95.5000
1395535482,1,0.0009,95.5000
1395535615,2,100.0000,95.5500
1395535635,1,15.1618,95.6900
1395535730,1,3.0000,95.6900
1395535732,2,70.0000,95.6000
1395535734,1,18.4760,95.6900
1395535891,1,15.0000,95.6700
1395535891,1,137.9762,95.6900
1395535914,1,20.0000,95.7000
1395535919,1,100.0000,95.7000
1395535926,1,15.0000,95.7000
1395535942,1,10.0000,95.7000
1395535961,1,1.0000,95.7000
1395535978,1,24.0415,95.7000
1395535978,1,10.0000,95.7100
1395535978,1,71.4791,95.7200
1395535999,2,0.0104,95.5600
1395536099,2,174.0000,95.5600
1395536141,1,27.2920,95.6800
1395536204,1,22.7080,95.6300
1395536204,1,37.2920,95.6400
1395536229,1,50.0000,95.6400
1395536233,1,0.0104,95.6400
1395536235,1,30.0000,95.6400
1395536292,1,29.1930,95.6400
1395536310,1,52.0000,95.6300
1395536317,1,27.5150,95.6400
1395536317,1,72.4850,95.6500
1395536318,1,28.3649,95.6500
1395536335,1,50.0000,95.7000
1395536357,1,52.0000,95.6900
1395536357,1,122.5301,95.7000
1395536369,1,200.0000,95.7100
1395536369,1,44.6480,95.7200
1395536378,1,0.0210,95.7200
1395536383,1,13.8519,95.7200
1395536383,1,74.7403,95.7200
1395536383,1,200.0000,95.7300
1395536383,1,200.0000,95.7500
1395536401,2,1.0000,95.7500
1395536412,2,0.4768,95.7500
1395536412,2,10.4078,95.7500
1395536415,1,0.1154,95.7500
1395536415,1,1.5197,95.8000
1395536453,2,174.7200,95.7100
1395536469,1,49.5963,95.7100
1395536470,2,3.0000,95.7000
1395536470,2,100.0000,95.7000
1395536470,2,1.3377,95.6900
1395536470,2,134.9368,95.6600
1395536479,1,68.8031,95.6600
1395536516,2,50.0000,95.5000
1395536516,2,1.2355,95.5000
1395536519,1,123.4845,95.5000
1395536553,2,73.2719,95.5000
1395536573,1,2.0000,95.4900
1395536578,1,1.0000,95.4900
1395536603,2,1.0000,95.4900
1395536616,1,1.0000,95.4800
1395536617,1,105.7760,95.4800
1395536775,1,76.9320,95.7000
1395536786,2,105.7760,95.7100
1395536798,2,0.0900,95.7100
1395536822,2,1.0000,95.7100
1395536878,2,67.4740,95.7100
1395536878,2,106.7086,95.7000
1395536906,2,45.0000,95.5800
1395536906,2,0.2100,95.5400
1395536906,2,55.0000,95.5200
1395536922,1,0.3000,95.7200
1395536957,1,30.0000,95.6900
1395536977,2,25.0000,95.5500
1395537079,1,5.2774,95.6300
1395537082,1,14.7226,95.6300
1395537082,1,45.0000,95.6300
1395537142,1,144.0400,95.6900
1395537260,2,5.2774,95.6300
1395537460,1,0.2100,95.7000
1395537474,1,17.6680,95.6500
1395537484,1,9.7820,95.6500
1395537515,2,2.0587,95.5500
1395537589,2,12.8291,95.5500
1395537589,2,41.3079,95.5500
1395537603,1,186.6959,95.6500
1395537622,2,0.0643,95.5500
1395537630,1,41.0000,95.6600
1395537726,1,5.2774,95.7300
1395537726,1,44.7226,95.7500
1395537745,2,1.0000,95.7300
1395537745,2,3.7100,95.6300
1395537748,1,7.2900,95.6200
1395537753,1,1.0000,95.7500
1395537760,1,4.2774,95.7500
1395537774,1,120.0000,95.7600
1395537774,1,13.6421,95.7900
1395537774,1,24.4143,95.8000
1395537779,1,100.0000,95.8000
1395537786,1,0.0750,95.8000
1395537816,1,10.0000,95.7900
1395537822,1,75.5107,95.8000
1395537871,1,59.4080,95.7800
1395537911,1,26.1027,95.7800
1395537927,1,164.1600,95.7900
1395537935,2,2.0000,95.7900
1395537952,2,33.8400,95.7900
1395538029,1,9.5167,95.7900
1395538050,1,6.6433,95.7900
1395538050,1,0.4768,95.8200
1395538050,1,442.9137,95.8500
1395538050,1,50.0000,95.8700
1395538050,1,100.6533,95.8800
1395538050,1,10.0000,95.9000
1395538050,1,100.0000,95.9900
1395538050,1,29.6095,96.0000
1395538050,1,290.6327,96.0000
1395538050,1,0.5000,96.0000
1395538050,1,177.1004,96.0000
1395538060,2,30.0000,96.0100
1395538066,2,13.9180,96.0100
1395538067,2,15.7210,96.0100
1395538071,2,30.0000,96.0100
1395538086,2,84.1010,96.0100
1395538086,2,431.3903,96.0000
1395538086,2,4.0000,96.0000
1395538097,1,84.1010,96.1600
1395538097,1,30.0000,96.1600
1395538097,1,15.7210,96.1600
1395538097,1,13.9180,96.1600
1395538097,1,30.0000,96.1600
1395538132,2,0.2100,96.0500
1395538148,1,30.0000,96.1300
1395538164,2,10.0000,96.0300
1395538186,2,10.2570,96.0400
1395538187,1,10.0000,96.1200
1395538187,1,120.0000,96.1200
1395538187,1,0.2100,96.1200
1395538198,1,100.0000,96.1700
1395538208,2,29.3760,96.1700
1395538209,2,29.3762,96.1700
1395538215,2,29.3760,96.1700
1395538227,2,11.8718,96.1700
1395538227,2,8.3582,96.1700
1395538230,2,21.0180,96.1700
1395538230,1,41.2480,96.1700
1395538230,1,10.5520,96.1700
1395538238,1,51.8000,96.1600
1395538249,2,5.0000,96.0600
1395538279,1,0.2170,96.2000
1395538285,2,66.4000,96.1600
1395538304,1,100.0000,96.2000
1395538305,1,4.7830,96.2000
1395538305,1,26.8389,96.2000
1395538305,1,26.1027,96.2000
1395538305,1,7.0000,96.2000
1395538314,2,10.0000,96.2000
1395538314,2,15.2754,96.2000
1395538331,1,10.0000,96.2000
1395538331,1,874.0998,96.2100
1395538389,2,4.7900,96.1200
1395538389,2,0.2100,96.1200
1395538403,2,0.0100,96.1200
1395538403,2,168.8400,96.1100
1395538447,2,0.1000,96.0700
1395538457,2,8.8520,96.0600
1395538457,2,100.0000,96.0500
1395538507,2,10.0000,96.0300
1395538527,2,36.0000,96.0100
1395538527,2,54.5180,96.0000
1395538530,1,49.6963,96.0300
1395538571,1,0.1000,96.0800
1395538571,1,94.3000,96.0900
1395538594,1,53.8328,96.0900
1395538603,2,0.1820,96.0900
1395538605,2,0.0002,96.0900
1395538605,2,0.0392,96.0300
1395538609,2,0.1820,96.0200
1395538623,1,0.0835,96.0300
1395538631,1,0.8371,96.0300
1395538645,2,30.0000,96.0500
1395538656,1,36.0000,96.0900
1395538661,2,30.0000,96.0600
1395538664,1,25.8992,96.1000
1395538668,2,25.9000,96.0700
1395538668,2,4.1000,96.0700
1395538674,2,10.0880,96.0700
1395538679,2,30.0000,96.0700
1395538685,2,0.0100,96.0800
1395538685,2,6.6040,96.0700
1395538685,2,17.0660,96.0700
1395538685,2,80.1320,96.0700
1395538685,2,106.0000,96.0600
1395538685,2,69.1629,96.0500
1395538685,2,0.4758,96.0300
1395538685,2,445.4820,96.0000
1395538685,2,1.0000,96.0000
1395538685,2,280.6813,96.0000
1395538692,1,100.0000,96.0700
1395538692,1,0.0880,96.0900
1395538716,2,0.0900,96.0100
1395538716,2,0.1800,96.0000
1395538718,1,0.0900,96.0800
1395538718,1,0.0100,96.0800
1395538718,1,39.9980,96.0800
1395538726,2,40.1100,96.0100
1395538726,2,53.4734,96.0000
1395538730,1,40.1100,96.0800
1395538730,1,0.0900,96.0800
1395538730,1,90.0000,96.0900
1395538730,1,90.5090,96.0900
1395538740,2,130.8200,96.0100
1395538740,2,80.0606,96.0000
1395538740,2,75.3987,96.0000
1395538751,1,0.0100,96.0800
1395538786,1,1.0000,96.0300
1395538820,1,0.0100,96.1200
1395538831,2,173.0150,95.9600
1395538836,2,0.0100,95.8600
1395538985,1,0.0100,96.0900
1395538993,2,0.0500,96.0900
1395538993,2,29.9400,96.0900
1395539047,2,0.0500,96.0900
1395539057,2,173.9300,96.0100
1395539068,2,80.0000,96.0900
1395539121,2,1.6000,96.0200
1395539121,2,2.0000,96.0100
1395539121,2,198.8050,96.0000
1395539138,2,1.0000,96.0100
1395539157,1,3.6000,96.0800
1395539166,1,20.0000,96.0900
1395539170,1,173.9300,96.1000
1395539170,1,1.0000,96.1000
1395539238,1,8.8520,96.1000
1395539238,1,0.4758,96.1000
1395539238,1,10.0000,96.1000
1395539238,1,202.0267,96.1100
1395539238,1,55.2815,96.1100
1395539294,1,40.0000,96.1000
1395539336,1,1.4740,96.1000
1395539374,1,0.1839,96.1000
1395539415,1,100.0729,96.0200
1395539429,1,99.9271,96.0200
1395539435,1,1.0000,96.1000
1395539450,1,6.3572,96.1000
1395539450,1,91.7947,96.1000
1395539494,1,6.1000,96.1100
1395539531,1,12.0000,96.1100
1395539535,2,173.9500,96.0900
1395539543,2,5.2582,96.0800
1395539543,2,65.4091,96.0500
1395539543,2,122.5615,96.0500
1395539543,1,0.4758,96.1100
1395539551,2,65.4091,96.0500
1395539564,1,0.1000,96.0800
1395539564,1,129.9000,96.0900
1395539574,2,129.9400,96.0600
1395539594,2,8.8558,96.0600
1395539594,2,0.0729,96.0600
1395539605,2,216.5678,96.0500
1395539621,2,95.4616,96.0500
1395539621,2,28.0354,96.0400
1395539621,2,1.0000,96.0000
1395539621,2,202.4055,96.0000
1395539629,1,173.9900,95.9900
1395539629,1,99.1075,96.0000
1395539636,2,13.0000,95.9300
1395539645,1,87.0000,95.9300
1395539672,1,30.0000,96.0000
1395539686,1,143.9900,96.0000
1395539695,1,8.8558,95.9900
1395539703,2,174.0800,95.9400
1395539717,1,40.5628,95.9400
1395539791,2,20.9171,96.0000
1395539797,1,1.4740,96.0500
1395539849,1,100.0000,96.0500
1395539849,1,95.4887,96.0500
1395539868,1,20.4546,96.0500
1395539879,1,0.3635,96.0500
1395539924,2,0.3600,96.0200
1395539946,2,20.4700,96.0100
1395539946,2,79.5300,96.0100
1395539961,1,3.6400,96.0200
1395539966,2,106.4744,96.0200
1395539972,2,165.3464,96.0000
1395539980,2,100.0000,96.0000
1395539998,2,106.0864,96.0000
1395540016,1,0.1640,95.9900
1395540063,1,30.0000,95.9900
1395540085,1,21.7804,95.9900
1395540093,1,104.7148,95.9900
1395540103,1,69.2940,96.0000
1395540180,1,51.4333,96.0000
1395540190,2,30.0000,96.0100
1395540196,2,30.0000,96.0100
1395540202,2,30.0000,96.0100
1395540207,2,30.0000,96.0100
1395540207,2,54.1000,96.0100
1395540226,1,13.0000,96.0100
1395540247,1,20.0000,96.0100
1395540250,2,0.3635,96.0000
1395540256,1,12.9000,96.0100
1395540267,2,1.0000,96.0100
1395540302,1,50.0000,96.0200
1395540320,2,8.3078,96.0200
1395540331,1,11.6920,96.0200
1395540379,2,38.9854,96.0100
1395540379,2,71.9793,96.0100
1395540379,2,727.2652,96.0000
1395540392,1,0.0002,96.0200
1395540397,2,0.1172,96.0200
1395540420,2,1.1970,96.0200
1395540457,2,0.0001,96.0200
1395540457,2,308.2697,96.0000
1395540461,2,30.0000,96.0000
1395540466,1,54.1599,96.0400
1395540467,2,30.0000,96.0000
1395540472,2,30.0000,96.0000
1395540482,2,2793.6662,96.0000
1395540482,2,30.0000,95.9500
1395540487,2,6.8430,95.9500
1395540499,2,30.0000,95.9500
1395540504,2,33.1570,95.9500
1395540504,2,16.8430,95.9100
1395540513,2,37.3870,95.9100
1395540513,2,12.6130,95.9000
1395540513,1,0.0420,95.9500
1395542989,2,2.0000,95.8100
1395543008,2,7.9677,95.8100
1395543008,2,22.0323,95.8100
1395543014,2,8.0804,95.8100
1395543014,2,21.9196,95.8100
1395543019,2,4.8801,95.8100
1395543019,2,0.0522,95.8100
1395543019,2,25.0677,95.8000
1395543024,2,30.0000,95.8000
1395543030,2,30.0000,95.8000
1395543036,2,30.0000,95.8000
1395543041,2,30.0000,95.8000
1395543047,2,30.0000,95.8000
1395543053,2,30.0000,95.8000
1395543060,2,30.0000,95.8000
1395543064,2,30.0000,95.8000
1395543070,2,30.0000,95.8000
1395543074,2,1.9040,95.8000
1395543080,2,2.2300,95.8000
1395543087,2,1.6000,95.8000
1395543091,2,14.5940,95.8000
1395543096,2,20.9360,95.8000
1395543101,2,30.0000,95.8000
1395543105,1,50.0000,95.9000
1395543105,1,12.6130,95.9000
1395543105,1,174.1701,95.9400
1395543105,1,20.0000,95.9500
1395543105,1,0.9580,95.9500
1395543105,1,85.9802,96.0400
1395543106,2,30.0000,95.8000
1395543107,2,174.2300,95.9100
1395543107,2,12.5785,95.8000
1395543107,2,796.2471,95.8000
1395543113,2,30.0000,95.8000
1395543118,2,30.0000,95.8000
1395543123,2,30.0000,95.8000
1395543128,2,30.0000,95.8000
1395543134,2,30.0000,95.8000
1395543157,2,12.6830,95.8000
1395543169,2,10.2580,95.8000
1395543175,2,30.0000,95.8000
1395543180,2,0.8119,95.8000
1395543285,1,30.0000,95.7000
1395543285,1,20.0000,95.7000
1395543366,1,30.0000,95.7000
1395543392,1,3.1933,95.7000
1395543404,1,26.8067,95.7000
1395543404,1,30.0000,95.7000
1395543404,1,0.5020,95.7000
1395543404,1,30.0000,95.7000
1395543404,1,30.0000,95.7000
1395543404,1,28.9710,95.7000
1395543404,1,30.0000,95.7000
1395543404,1,30.0000,95.7000
1395543404,1,30.0000,95.7000
1395543404,1,30.0000,95.7000
1395543404,1,30.0000,95.7000
1395543404,1,30.0000,95.7000
1395543404,1,10.0000,95.7000
1395543404,1,30.0000,95.7000
1395543404,1,30.0000,95.7000
1395543404,1,30.0000,95.7000
1395543404,1,1.1520,95.7000
1395543404,1,30.0000,95.7000
1395543404,1,1.0000,95.7000
1395543404,1,29.7170,95.7000
1395543404,1,17.1950,95.7000
1395543404,1,30.0000,95.7000
1395543404,1,30.0000,95.7000
1395543404,1,30.0000,95.7000
1395543404,1,30.0000,95.7000
1395543404,1,30.0000,95.7000
1395543404,1,30.0000,95.7000
1395543404,1,21.4240,95.7000
1395543404,1,30.0000,95.7000
1395543404,1,30.0000,95.7000
1395543404,1,14.0021,95.7000
1395543423,2,0.7273,95.6000
1395543468,2,2.0000,95.7100
1395543539,1,1.2188,95.8900
1395543539,2,2.0000,95.9100
1395543542,2,26.2740,95.9100
1395543570,2,1.0000,95.9100
1395543573,2,5.0000,95.9100
1395543583,2,64.5072,95.9100
1395543592,2,100.0000,95.8200
1395543658,1,243.7213,95.7100
1395543785,1,0.0490,95.9000
1395543949,2,12.0000,95.6300
1395543949,2,52.1300,95.5500
1395543949,2,85.8700,95.5300
1395544085,2,33.2209,95.5300
1395544085,2,26.1751,95.5200
1395544085,2,500.0000,95.5000
1395544085,2,200.0000,95.5000
1395544085,2,29.5823,95.5000
1395544173,2,74.9282,95.4800
1395544197,2,20.0000,95.4000
1395544236,2,38.9854,95.3800
1395544246,1,28.9669,95.4000
1395544273,1,51.0331,95.4000
1395544273,1,0.1000,95.6300
1395544273,1,98.8669,95.9000
1395544297,2,28.9669,95.4400
1395544301,2,21.5320,95.4400
1395544301,2,3.5398,95.3800
1395544500,1,87.7405,95.7000
1395544535,2,0.0100,95.5400
1395544553,1,1.0000,95.7000
1395544607,1,50.0000,95.7000
1395544607,1,145.3735,95.7000
1395544632,1,228.0218,95.7000
1395544636,1,0.4887,95.8900
1395545058,1,1.0000,95.8700
1395545092,1,43.2262,95.8700
1395545092,1,72.7738,95.8700
1395545114,2,1.3396,95.6000
1395545260,2,0.6604,95.6000
1395545316,2,8.8558,95.5500
1395545379,2,82.0990,95.5500
1395545379,2,0.0423,95.5400
1395545379,2,4.0273,95.4000
1395545379,2,28.9790,95.4000
1395545379,2,22.4352,95.3800
1395545379,2,59.2794,95.3300
1395545692,2,554.3648,95.3300
1395545716,1,0.0100,95.8000
1395545832,2,0.0100,95.3400
1395545936,2,3.9252,95.5000
1395545936,2,228.3233,95.3400
1395545939,2,1.0000,95.3300
1395545952,1,0.0100,95.3400
1395546020,2,97.0941,95.3300
1395546020,2,24.9546,95.3200
1395546033,1,1.0000,95.3400
1395546217,2,16.2014,95.5100
1395546217,2,226.4419,95.3200
1395546270,1,0.0100,95.6900
1395546297,2,1.0000,95.3200
1395546722,1,0.1000,95.5900
1395550265,1,142.5835,95.5900
1395550329,1,0.0214,95.5900
1395550392,1,85.6484,95.5900
1395550423,1,24.4903,95.6000
1395550441,1,14.3516,95.6000
1395550502,1,1.0000,95.6000
1395550502,1,50.0000,95.6000
1395550555,1,0.1000,95.6000
1395550581,2,0.1000,95.3300
1395550751,2,9.5000,95.3300
1395550763,1,50.0000,95.6000
1395550837,1,1.0000,95.6000
1395550874,1,0.0100,95.6000
1395550919,1,87.7305,95.6000
1395550919,1,53.1728,95.6000
1395550986,1,76.0000,95.7000
1395550988,1,5.0000,95.7000
1395551026,1,1.2000,95.7000
1395551067,1,14.0604,95.7000
1395551070,1,0.0281,95.7000
1395551157,2,0.0100,95.3400
1395551206,1,9.0000,95.6900
1395551206,1,91.0000,95.7000
1395551248,2,0.0100,95.5000
1395551273,1,12.7115,95.7000
1395551800,2,14.0604,95.7000
1395551893,2,73.2281,95.7000
1395551921,1,0.1000,95.7000
1395552391,2,0.5000,95.3300
1395554872,2,108.5000,95.3300
1395554872,2,91.5000,95.3200
1395554960,2,406.1035,95.3200
1395554960,2,29.8646,95.3200
1395554960,2,548.4571,95.3100
1395555493,1,0.0100,95.5000
1395563537,2,100.0000,95.3200
1395563537,2,340.4229,95.3100
1395563537,2,214.9325,95.3000
1395563537,2,11.6446,95.2600
1395567536,1,0.1000,95.5500
1395567558,2,52.7047,95.3000
1395567578,2,20.0000,95.3100
1395567578,2,50.0000,95.3000
1395567643,1,175.0000,95.6700
1395567660,1,0.0100,95.6900
1395567688,1,4.1218,95.6800
1395567789,1,13.0229,95.6700
1395567801,1,36.9771,95.6700
1395567807,2,31.1421,95.6000
1395567811,1,97.3580,95.6600
1395567822,1,72.7502,95.6600
1395567822,1,227.2498,95.6700
1395567830,1,161.8950,95.6700
1395567849,2,11.6446,95.6000
1395567853,1,15.1934,95.6700
1395567873,1,95.6618,95.6700
1395567883,1,84.4870,95.6900
1395567893,2,172.0000,95.6800
1395567896,1,17.2133,95.6900
1395567902,1,0.0100,95.6900
1395567903,1,15.1901,95.6900
1395567911,2,0.0100,95.6800
1395567916,2,2.1800,95.6800
1395567916,2,1.0000,95.6700
1395567916,2,195.9734,95.6700
1395567931,1,1.0000,95.6600
1395567950,2,40.4998,95.6100
1395567955,1,1.0000,95.6600
1395567969,1,45.0000,95.6300
1395568011,1,127.1900,95.6900
1395568011,1,25.6731,95.6900
1395568017,2,45.0000,95.6900
1395568028,1,31.0000,95.7000
1395568028,1,64.9604,95.7500
1395568028,1,20.0000,95.8000
1395568028,2,100.8466,95.8000
1395568029,2,2.1369,95.8000
1395568031,1,90.9548,95.8200
1395568037,2,103.2000,95.8100
1395568050,1,1.8571,95.8800
1395568055,2,2.0000,95.8300
1395568064,2,68.7300,95.8300
1395568064,2,31.2700,95.8200
1395568072,2,58.1429,95.8200
1395568073,2,20.0000,95.8200
1395568074,2,48.9572,95.8200
1395568083,1,50.8100,95.8100
1395568089,2,1.0000,95.7100
1395568139,2,4.9810,95.7200
1395568145,2,10.0000,95.7200
1395568150,2,34.0277,95.7200
1395568150,2,49.8600,95.7100
1395568150,1,1.0000,95.7000
1395568177,1,1.0000,95.7000
1395568184,1,7.0420,95.7000
1395568200,2,2.0000,95.6600
1395568200,2,48.0000,95.6100
1395568206,1,20.0000,95.7000
1395568206,1,4.9334,95.7000
1395568230,2,45.8290,95.7000
1395568237,1,49.8600,95.7500
1395568237,1,48.8580,95.7600
1395568256,1,48.0000,95.8000
1395568256,1,1.7650,95.8000
1395568267,1,0.2350,95.8000
1395568267,1,1.0000,95.8000
1395568267,1,75.2620,95.8700
1395568267,1,111.7155,95.8800
1395568280,1,1.0000,95.8000
1395568290,2,0.0232,95.8000
1395568290,2,48.9768,95.8000
1395568292,1,38.2795,95.8800
1395568292,1,49.1544,95.9000
1395568292,1,1.0000,95.9000
1395568292,1,97.0548,95.9000
1395568296,2,0.0232,95.8000
1395568305,1,308.7526,95.8000
1395568311,2,49.0256,95.7500
1395568311,2,125.0744,95.7400
1395568326,1,13.9626,95.7500
1395568336,2,49.0256,95.7400
1395568343,2,190.0000,95.7300
1395568355,1,136.2593,95.7300
1395568357,1,37.8407,95.7300
1395568357,1,49.7650,95.7300
1395568357,1,502.7988,95.7400
1395568383,1,1.0000,95.8000
1395568409,1,30.0000,95.7900
1395568409,1,1.0000,95.8000
1395568480,1,84.5641,95.7500
1395568485,2,20.7420,95.7500
1395568485,2,15.2580,95.7300
1395568501,2,495.6472,95.7000
1395568501,2,4.7663,95.7000
1395568501,2,2.0000,95.7000
1395568525,2,5.0000,95.6600
1395568546,1,15.2580,95.6500
1395568551,2,1.0000,95.6500
1395568562,2,83.7420,95.6500
1395568592,2,15.2600,95.6400
1395568592,2,159.0100,95.6300
1395568602,2,5.0000,95.6000
1395568604,1,58.6722,95.6000
1395568619,1,110.5978,95.6000
1395568619,1,89.4022,95.6100
1395568624,1,31.4165,95.6100
1395568624,2,110.6400,95.5600
1395568624,2,58.7000,95.5600
1395568624,2,5.0000,95.5600
1395568631,1,45.6706,95.5600
1395568631,1,30.0000,95.6400
1395568633,2,30.0200,95.5600
1395568633,2,45.6706,95.5600
1395568633,2,100.0000,95.5500
1395568642,2,50.0000,95.5400
1395568645,1,84.9099,95.5500
1395568645,1,65.0901,95.5500
1395568660,1,9.1371,95.5500
1395568730,2,1.0000,95.6000
1395568732,1,1.0170,95.6000
1395568732,1,28.9830,95.6000
1395568761,1,20.0000,95.5800
1395568761,1,3.1270,95.5800
1395568763,2,158.3701,95.5500
1395568767,2,0.1000,95.5500
1395568782,2,45.6706,95.5800
1395568792,1,0.9900,95.6000
1395568835,2,0.7420,95.5800
1395568854,1,20.0000,95.6000
1395568863,1,2.3268,95.6000
1395568864,2,64.1066,95.5900
1395568867,1,0.1100,95.5900
1395568880,1,20.0000,95.5900
1395568884,1,90.1434,95.5900
1395568889,1,30.0000,95.6000
1395568904,1,110.0000,95.6000
1395568942,2,1.0000,95.5900
1395568961,2,8.8566,95.5900
1395569001,2,70.0000,95.5600
1395569003,1,20.0000,95.6000
1395569011,1,72.9557,95.6000
1395569011,1,4.1533,95.6000
1395569184,1,1.0000,95.6700
1395569207,1,19.0000,95.6700
1395569208,1,0.0100,95.6800
1395569209,2,50.0000,95.6100
1395569219,1,50.0000,95.6700
1395569226,2,3.1603,95.6100
1395569253,1,25.0733,95.6700
1395569284,2,10.0104,95.6200
1395569284,2,4.7601,95.6200
1395569284,2,35.2295,95.6100
1395569310,2,46.5779,95.6100
1395569335,1,73.1603,95.6400
1395569335,1,146.8649,95.6500
1395569349,1,0.1100,95.6500
1395569352,2,0.1100,95.6100
1395569355,1,0.0537,95.6400
1395569367,1,0.1210,95.6400
1395569370,2,0.1210,95.6100
1395569376,2,3.2311,95.6100
1395569376,2,15.9702,95.6100
1395569376,2,9.9217,95.6000
1395569376,2,10.0000,95.6000
1395569376,2,22.8910,95.6000
1395569376,2,0.0600,95.5900
1395569387,1,0.0160,95.5900
1395569390,2,0.0160,95.5800
1395569402,1,0.1050,95.5900
1395569402,1,0.0150,95.6300
1395569404,2,0.1200,95.5800
1395569416,1,0.1000,95.6300
1395569418,2,0.1100,95.6000
1395569429,1,0.2110,95.6300
1395569430,1,0.1000,95.6300
1395569433,2,0.2110,95.6000
1395569436,1,10.0000,95.6300
1395569453,1,2.0000,95.6300
1395569453,1,0.1130,95.6300
1395569454,2,72.7190,95.6000
1395569454,2,83.5800,95.5900
1395569461,1,72.7281,95.6300
1395569464,2,0.0152,95.6000
1395569464,2,0.0978,95.5900
1395569478,1,0.1100,95.6200
1395569480,2,0.1100,95.5900
1395569494,1,0.1100,95.6200
1395569498,2,0.1100,95.6000
1395569520,1,8.8593,95.6200
1395569520,1,54.3529,95.6200
1395569553,2,0.0351,95.6000
1395569626,1,9.9217,95.6700
1395569640,2,1.8492,95.6200
1395569892,2,8.5000,95.6300
1395569914,1,38.2617,95.6400
1395569914,1,0.1451,95.6400
1395569917,1,100.0000,95.6500
1395569917,1,2.0000,95.6500
1395569939,1,0.5000,95.6700
1395569941,1,4.5000,95.6700
1395569954,2,0.5000,95.6700
1395569963,1,19.9900,95.6800
1395569963,1,16.2014,95.6900
1395569963,1,1.0000,95.7000
1395569963,1,5.0000,95.7000
1395569963,1,32.0000,95.7400
1395569963,1,2411.8218,95.7500
1395569969,2,1.0000,95.6800
1395569969,2,9.0000,95.6700
1395570055,2,9.9217,95.6700
1395570055,2,6.0000,95.6700
1395570071,2,38.4068,95.6500
1395570094,2,2.0000,95.6400
1395570100,1,11.5932,95.6500
1395570100,1,184.6945,95.6700
1395570205,2,0.0500,95.6400
1395570210,2,36.2100,95.6400
1395570210,2,53.7900,95.6300
1395570229,2,82.3700,95.6300
1395570229,2,143.0421,95.6100
1395570229,2,10.0000,95.6100
1395570229,2,15.0000,95.6000
1395570229,2,432.9620,95.6000
1395570229,2,8.5027,95.6000
1395570229,2,5.0000,95.6000
1395570229,2,5.0000,95.6000
1395570229,2,10.0000,95.6000
1395570269,2,0.1000,95.5600
1395570273,2,238.3349,95.5400
1395570273,2,2.0101,95.5300
1395570273,2,166.2290,95.5200
1395570273,2,20.0000,95.5000
1395570273,2,10.0000,95.5000
1395570275,1,0.1000,95.5000
1395570283,2,86.6732,95.4600
1395570295,2,1.0000,95.4600
1395570320,1,454.5648,95.5000
1395570323,1,250.0000,95.5000
1395570329,2,20.0000,95.4600
1395570329,2,200.0789,95.4600
1395570336,1,36.4144,95.5000
1395570358,2,0.1500,95.5000
1395570358,2,1.8500,95.4600
1395570406,1,84.7060,95.5900
1395570429,1,75.0000,95.5000
1395570620,1,77.7959,95.5000
1395570623,2,0.0102,95.5000
1395570670,2,0.0150,95.5100
1395570671,2,0.0100,95.5200
1395570681,1,0.0150,95.5800
1395570703,2,0.0864,95.5200
1395570755,2,20.0000,95.5200
1395570782,1,89.7140,95.5900
1395570789,2,100.0000,95.5900
1395570795,2,2.3315,95.5900
1395570795,2,97.6685,95.5900
1395570808,2,200.0000,95.5900
1395570809,2,65.3079,95.5900
1395570847,2,52.3012,95.6000
1395570867,1,10.0000,95.6000
1395570945,1,137.0000,95.5900
1395570949,1,113.0000,95.5900
1395571011,1,137.7399,95.6000
1395571034,1,100.0000,95.5900
1395571034,1,119.3610,95.5900
1395571043,1,105.0490,95.5900
1395571043,1,189.3846,95.6000
1395571043,1,121.0351,95.6000
1395571060,2,49.9000,95.5500
1395571060,2,174.5100,95.5400
1395571070,2,4.3210,95.5500
1395571088,1,174.5100,95.5900
1395571088,1,102.4801,95.6000
1395571106,1,71.7069,95.6000
1395571106,1,0.0411,95.6000
1395571106,1,137.6988,95.6000
1395571160,1,100.0000,95.6000
1395571166,2,0.1100,95.5500
1395571171,1,90.1600,95.6000
1395571171,1,137.0000,95.6100
1395571214,1,4.6583,95.5800
1395571223,1,200.0500,95.6200
1395571247,2,30.0000,95.6000
1395571248,1,20.0000,95.6400
1395571248,1,84.7060,95.6500
1395571248,1,190.2745,95.6600
1395571295,1,9.8900,95.6600
1395571308,2,24.6334,95.6200
1395571308,2,25.3666,95.6100
1395571323,2,20.0000,95.6500
1395571323,2,129.0900,95.6300
1395571351,2,1.4192,95.6000
1395571376,2,19.9900,95.6100
1395571405,1,1.9055,95.6100
1395571442,2,1.9055,95.6200
1395571452,1,24.6334,95.6300
1395571452,1,19.9900,95.6400
1395571452,1,25.3666,95.6400
1395571459,1,129.0900,95.6500
1395571459,1,89.4376,95.6600
1395571459,1,27.5904,95.6700
1395571470,1,138.6386,95.6700
1395571470,1,91.0190,95.6700
1395571497,1,18.7676,95.7000
1395571497,1,10.0000,95.7000
1395571509,2,3.1747,95.7000
1395571517,1,42.0310,95.7000
1395571522,1,25.8734,95.7000
1395571532,1,28.9209,95.7000
1395571558,2,10.0000,95.7000
1395571558,2,50.0000,95.7000
1395571558,2,24.6167,95.6900
1395571558,2,164.3900,95.6800
1395571617,1,1.1000,95.7100
1395571634,2,10.0000,95.6300
1395571634,2,250.0000,95.6200
1395571676,1,2.0000,95.7000
1395571765,2,10.0000,95.6200
1395571782,1,2.0000,95.7000
1395571782,1,2.0000,95.7000
1395571782,1,2.0000,95.7000
1395571782,1,14.2427,95.7000
1395571782,1,2.0000,95.7000
1395571783,2,17.9620,95.7000
1395571866,1,149.9850,95.6500
1395571914,1,174.3900,95.6600
1395571922,2,150.0000,95.6600
1395571925,1,28.2571,95.6700
1395571970,2,174.3800,95.6700
1395571984,2,91.0000,95.6600
1395571985,2,44.4261,95.6600
1395572064,2,10.0000,95.6300
1395572064,2,166.2985,95.6300
1395572068,1,0.0401,95.6800
1395572100,1,0.0215,95.6800
1395572103,2,11.0000,95.6100
1395572146,2,220.5777,95.6200
1395572146,2,3203.3972,95.6000
1395572159,1,174.3800,95.6400
1395572164,2,3.7100,95.6100
1395572191,2,1.0000,95.6300
1395572209,2,150.0000,95.6200
1395572209,2,0.4900,95.6100
1395572209,2,10.0000,95.6100
1395572209,2,100.0000,95.6000
1395572209,2,6017.1132,95.6000
1395572225,2,170.7200,95.6100
1395572225,2,1161.7105,95.6000
1395572225,2,10.0000,95.6000
1395572225,2,20.9279,95.6000
1395572225,2,44.0094,95.5600
1395572225,2,498.9735,95.5300
1395572225,2,49.9850,95.5300
1395572232,1,1.0000,95.6200
1395572257,2,45.7344,95.5100
1395572286,2,1.0000,95.5900
1395572286,2,400.0000,95.5200
1395572286,2,10.0000,95.5100
1395572286,2,464.4558,95.5100
1395572286,2,40.2972,95.5000
1395572286,2,30.0000,95.5000
1395572286,2,481.7467,95.5000
1395572287,1,1.0000,95.5000
1395572288,1,50.0000,95.5000
1395572289,1,0.2192,95.5000
1395572293,1,20.0000,95.4900
1395572296,2,20.0100,95.4600
1395572296,2,881.0597,95.4500
1395572296,2,0.1000,95.4300
1395572296,2,20.0000,95.4000
1395572296,2,78.8303,95.4000
1395572300,1,20.0100,95.4800
1395572300,1,134.4200,95.4900
1395572319,1,20.0100,95.4900
1395572325,1,20.0100,95.5000
1395572334,1,32.7724,95.5000
1395572347,1,150.0000,95.5000
1395572355,1,30.0000,95.5000
1395572372,1,10.0000,95.5000
1395572379,1,30.0000,95.5000
1395572388,1,3.0000,95.5000
1395572395,1,3.0513,95.4900
1395572395,1,16.6477,95.4900
1395572398,1,16.0000,95.4900
1395572416,1,27.0000,95.4900
1395572420,1,100.0000,95.4900
1395572421,1,0.7170,95.4900
1395572432,1,0.0339,95.4800
1395572445,1,13.3999,95.4900
1395572445,1,71.4571,95.4900
1395572446,1,18.1782,95.4900
1395572446,1,11.8218,95.5000
1395572459,1,9.4090,95.5000
1395572464,1,2.8840,95.5000
1395572466,1,150.0000,95.5000
1395572469,1,30.0000,95.5000
1395572474,1,30.0000,95.5000
1395572474,1,61.2294,95.5000
1395572478,1,201.6440,95.5000
1395572480,1,30.0000,95.5000
1395572481,1,17.1200,95.5000
1395572486,1,119.9880,95.5000
1395572490,1,517.4550,95.5000
1395572494,1,30.0000,95.5000
1395572500,2,0.0100,95.4100
1395572500,1,30.0000,95.5000
1395572502,1,0.0100,95.4900
1395572502,1,0.9900,95.5000
1395572507,1,30.0000,95.5000
1395572508,1,1004.0000,95.5000
1395572512,1,0.1310,95.5000
1395572527,1,30.0000,95.5000
1395572529,1,103.2000,95.5000
1395572532,1,30.0000,95.5000
1395572538,1,30.0000,95.5000
1395572543,1,30.0000,95.5000
1395572548,1,30.0000,95.5000
1395572552,1,0.0411,95.5000
1395572553,1,30.0000,95.5000
1395572559,1,29.4840,95.5000
1395572564,1,623.5225,95.5000
1395572566,1,10.0000,95.4900
1395572566,1,2.5350,95.5000
1395572569,1,11.1233,95.5000
1395572572,1,18.9206,95.5000
1395572572,1,0.4994,95.6000
1395572583,1,0.0100,95.5700
1395572584,1,8.0927,95.5700
1395572586,2,18.9206,95.5000
1395572624,2,25.9228,95.5000
1395572650,2,1.0000,95.4800
1395572652,1,30.0000,95.5500
1395572658,1,30.0000,95.5500
1395572662,1,30.0000,95.5500
1395572679,1,25.9228,95.5500
1395572679,1,4.0772,95.5500
1395572691,1,8.4760,95.5400
1395572699,1,41.5240,95.5400
1395572709,2,8.4760,95.5400
1395572742,2,84.8570,95.5000
1395572752,2,81.8201,95.5000
1395572757,1,64.1066,95.5000
1395572757,1,26.8934,95.5200
1395572763,1,30.0000,95.5200
1395572765,1,93.1066,95.5200
1395572765,1,6.8934,95.5300
1395572777,1,13.3990,95.5100
1395572824,2,166.6771,95.5000
1395572829,1,0.0008,95.5100
1395572840,2,7.7400,95.5200
1395572849,2,10.0000,95.5100
1395572849,2,100.0000,95.5100
1395572849,2,99.9992,95.5100
1395572853,1,144.5470,95.5400
1395572866,1,7.7400,95.5100
1395572868,1,14.3901,95.5100
1395572868,1,7.7400,95.5100
1395572868,1,7.7399,95.5200
1395572873,1,22.1300,95.5200
1395572876,2,29.8701,95.5100
1395572878,1,30.0000,95.5200
1395572882,1,35.3457,95.5200
1395572883,1,30.0000,95.5200
1395572887,1,84.7836,95.5200
1395572887,1,1.0000,95.5300
1395572888,2,65.3457,95.5300
1395572889,1,13.4846,95.5200
1395572889,1,16.5154,95.6000
1395572894,1,2.9852,95.6000
1395572894,1,10.4988,95.6000
1395572934,1,25.9120,95.5900
1395572962,2,0.0100,95.5800
1395572972,2,400.0000,95.5300
1395572972,2,174.4200,95.5300
1395572987,1,85.0000,95.5300
1395573001,1,174.4200,95.5800
1395573014,2,2.3842,95.5800
1395573021,2,28.0000,95.5500
1395573021,2,65.2557,95.5400
1395573050,1,109.2443,95.5700
1395573062,2,14.5316,95.5700
1395573088,1,24.0880,95.5900
1395573104,2,61.2394,95.5800
1395573109,1,1.1000,95.6000
1395573112,2,47.9606,95.5800
1395573118,1,42.9094,95.6000
1395573118,1,10.0000,95.6000
1395573118,1,39.5012,95.6000
1395573118,1,0.2192,95.6000
1395573125,2,8.3801,95.6000
1395573125,2,28.0000,95.5700
1395573187,2,0.0300,95.5200
1395573364,2,174.4257,95.5200
1395573364,2,0.0300,95.5200
1395573364,2,10.0000,95.5100
1395573364,2,72.9000,95.5000
1395573364,2,12.2676,95.5000
1395573364,2,29.8000,95.5000
1395573364,2,9.9118,95.4800
1395573525,2,7.7843,95.5000
1395573525,2,14.1286,95.5000
1395573546,2,14.1285,95.5000
1395573578,2,90.2983,95.5000
1395573578,2,39.5425,95.5000
1395573728,1,60.0000,95.5500
1395573745,2,7.6436,95.5500
1395573805,2,188.0000,95.5200
1395573822,1,55.5263,95.5500
1395573840,2,8.0000,95.5500
1395573891,1,47.9478,95.5300
1395573900,2,0.0880,95.5200
1395573911,2,30.0000,95.5300
1395573911,2,9.1354,95.5200
1395573931,1,84.7860,95.5800
1395573987,1,5.2113,95.5800
1395573996,1,84.4584,95.5800
1395574012,1,6.0000,95.5900
1395574026,1,0.0143,95.5800
1395574068,1,4.5960,95.5800
1395574132,1,47.0879,95.5700
1395574152,2,90.0300,95.5500
1395574152,2,84.4900,95.5400
1395574152,2,6.1910,95.5300
1395574152,2,100.0000,95.5300
1395574152,2,48.0000,95.5300
1395574152,2,28.0000,95.5300
1395574158,1,37.2890,95.5300
1395574189,1,0.0100,95.5700
1395574219,1,0.0100,95.5500
1395574257,1,27.9900,95.5500
1395574320,1,0.0364,95.5700
1395574331,1,77.1843,95.5700
1395574359,1,62.2170,95.5700
1395574371,1,1.0000,95.5700
1395574378,1,30.0000,95.5700
1395574380,1,47.1371,95.5700
1395574380,1,97.2893,95.5700
1395574380,1,72.9121,95.5700
1395574380,1,63.0333,95.5800
1395574380,1,29.8000,95.6000
1395574380,1,114.9310,95.6000
1395574380,1,51.8101,95.6000
1395574380,1,23.0871,95.6100
1395574383,1,14.2019,95.6100
1395574383,1,8.3543,95.6100
1395574383,1,20.9279,95.6500
1395574383,1,25.9120,95.6500
1395574383,1,50.0000,95.6600
1395574383,1,200.7950,95.6600
1395574383,1,498.9735,95.6700
1395574384,1,3.9252,95.6800
1395574384,1,9.9785,95.6800
1395574384,1,2.0000,95.6900
1395574384,1,6.6523,95.7000
1395574400,1,3.3477,95.7000
1395574400,1,2.0380,95.7000
1395574400,1,24.6143,95.7200
1395574400,2,3.5987,95.6800
1395574400,2,0.2170,95.6800
1395574404,2,3.8157,95.6800
1395574413,1,0.0024,95.7200
1395574413,1,29.9976,95.7500
1395574414,2,3.8157,95.6900
1395574424,2,3.8157,95.6900
1395574424,1,113.0445,95.7500
1395574424,1,42.0000,95.7500
1395574424,1,2486.1815,95.7600
1395574426,1,3.8157,95.7400
1395574426,1,5.5003,95.7600
1395574433,1,12.7140,95.7600
1395574436,1,1000.0000,95.7600
1395574439,1,8.2300,95.7600
1395574447,2,7.6300,95.6900
1395574447,2,0.0043,95.6900
1395574447,2,0.0043,95.6900
1395574447,1,3.6715,95.6900
1395574450,1,32.0963,95.6900
1395574450,1,58.9147,95.7600
1395574451,1,500.0000,95.7600
1395574451,2,7.6386,95.6800
1395574453,1,7.6386,95.6900
1395574453,1,22.3614,95.7600
1395574457,1,200.7950,95.7500
1395574457,1,7.6386,95.7500
1395574457,1,291.5664,95.7600
1395574457,1,1242.1159,95.7600
1395574459,1,0.5000,95.7900
1395574459,1,7.1380,95.8000
1395574463,2,84.7860,95.7700
1395574463,2,89.3740,95.7700
1395574463,2,59.5959,95.7600
1395574465,2,89.3740,95.7600
1395574472,1,2.8620,95.8000
1395574472,1,6.7860,95.8000
1395574472,2,89.3600,95.7700
1395574472,2,210.6400,95.7600
1395574472,2,84.7860,95.7600
1395574473,2,89.3600,95.7600
1395574480,2,133.7724,95.7600
1395574485,2,174.1300,95.7700
1395574485,2,36.3067,95.7600
1395574485,2,139.7978,95.7600
1395574485,2,174.1300,95.7600
1395574496,1,200.0000,95.7600
1395574523,1,0.5000,95.7600
1395574523,1,3.0000,95.7600
1395574523,1,26.5000,95.7600
1395574532,2,13.0000,95.6500
1395574537,2,71.8927,95.6500
1395574537,2,128.1073,95.6400
1395574538,2,46.2427,95.6400
1395574538,2,81.8646,95.6300
1395574546,2,46.2427,95.6400
1395574547,2,46.2427,95.6400
1395574554,2,46.2400,95.6500
1395574554,2,0.0027,95.6400
1395574564,2,46.2427,95.6400
1395574567,2,46.2400,95.6400
1395574567,2,0.0027,95.6400
1395574569,2,0.0046,95.6400
1395574569,2,35.6119,95.6400
1395574569,2,10.6262,95.6300
1395574575,2,46.2427,95.6600
1395574604,1,0.0411,95.7600
1395574604,1,29.9589,95.7900
1395574613,1,26.6481,95.7900
1395574624,1,5.2582,95.8000
1395574624,1,24.7418,95.8000
1395574629,1,49.6683,95.8000
1395574629,1,13.9626,95.8000
1395574629,1,241.2759,95.8000
1395574629,1,5.0000,95.8000
1395574635,2,30.0000,95.8100
1395574635,2,30.0000,95.8000
1395574641,1,24.8927,95.7800
1395574657,2,25.8967,95.8100
1395574689,2,24.5460,95.8100
1395574689,2,2.4540,95.8100
1395574766,2,8.0927,95.8200
1395574779,2,8.0927,95.8200
1395574780,2,3.0000,95.8200
1395574810,2,8.0900,95.8300
1395574812,2,88.9073,95.8200
1395574812,2,14.2927,95.8200
1395574814,2,22.3827,95.8200
1395574815,2,2.2270,95.8200
1395574819,2,3.0000,95.8300
1395574820,2,3.0000,95.8300
1395574822,2,18.1354,95.8300
1395574822,2,11.8646,95.8300
1395574824,2,4.5154,95.8300
1395574824,2,7.3492,95.8200
1395574826,2,39.4743,95.8200
1395574833,2,39.4700,95.8300
1395574833,2,0.0043,95.8200
1395574835,2,14.8657,95.8200
1395574835,2,24.6086,95.8200
1395574837,2,39.4743,95.8200
1395574840,2,51.5410,95.8200
1395574842,2,66.8890,95.8200
1395574842,2,16.1185,95.8200
1395574842,2,0.3490,95.8100
1395574842,2,7.6588,95.8100
1395574844,2,22.3412,95.8100
1395574844,2,30.0000,95.8100
1395574844,2,30.0000,95.8100
1395574844,2,0.6663,95.8100
1395574852,2,30.0000,95.8100
1395574852,2,9.4700,95.8100
1395574853,2,0.1000,95.8100
1395574865,1,20.0000,95.8300
1395574873,2,21.8955,95.8200
1395574875,2,152.1145,95.8200
1395574876,2,30.0000,95.8100
1395574876,2,20.7100,95.8100
1395574876,2,30.0000,95.8100
1395574876,2,20.4300,95.8100
1395574876,2,29.3337,95.8100
1395574876,2,30.0000,95.8100
1395574876,2,13.5363,95.8100
1395574877,1,18.8775,95.8200
1395574880,2,18.8775,95.8300
1395574882,2,18.8775,95.8300
1395574884,2,18.8775,95.8300
1395574893,2,18.8775,95.8400
1395574898,2,18.8725,95.8400
1395574898,2,18.8800,95.8400
1395574898,2,18.8775,95.8300
1395574899,2,1.0000,95.8300
1395574900,1,18.8800,95.8400
1395574902,2,18.8800,95.8300
1395574904,2,59.7025,95.8300
1395574904,2,9.1480,95.8100
1395574904,2,7.6595,95.8100
1395574908,2,22.3405,95.8100
1395574908,2,10.0000,95.8100
1395574908,2,16.4637,95.8100
1395574908,2,10.8983,95.8100
1395574935,1,20.0000,95.8800
1395574946,1,104.0694,95.8900
1395574946,1,6.1890,95.9000
1395574946,1,80.0000,95.9000
1395574946,1,33.0063,95.9000
1395574946,1,2.0000,95.9000
1395574946,1,1.0000,95.9000
1395574946,1,72.0025,95.9000
1395574946,1,1.0000,95.9000
1395574946,1,1.0000,95.9000
1395574949,2,38.9608,95.9000
1395574949,2,135.0092,95.8200
1395574950,2,38.9608,95.8200
1395574950,2,30.0000,95.8100
1395574950,2,25.8520,95.8100
1395574950,2,30.0000,95.8100
1395574950,2,10.1964,95.8100
1395574952,2,26.3020,95.8100
1395574952,2,8.9053,95.8100
1395574952,2,3.7535,95.8100
1395574953,2,1.2000,95.8200
1395574956,2,1.2000,95.8200
1395574958,2,1.2000,95.8200
1395574958,2,30.2289,95.8200
1395574960,2,31.4289,95.8200
1395574962,2,109.9022,95.8200
1395574965,2,26.2465,95.8100
1395574965,2,30.0000,95.8100
1395574965,2,27.5460,95.8100
1395574965,2,26.1097,95.8100
1395574967,2,3.8903,95.8100
1395574967,2,4.1033,95.8100
1395574967,2,5.1073,95.8100
1395574967,2,19.5280,95.8000
1395574978,1,200.0000,95.8200
1395574985,2,586.7698,95.8000
1395574987,1,0.0359,95.8200
1395574989,1,56.6444,95.8200
1395574990,2,30.0000,95.8100
1395574990,2,102.7655,95.8000
1395574992,1,30.0000,95.7900
1395574997,1,26.8550,95.7900
1395575022,2,30.0000,95.8100
1395575022,2,104.1454,95.8000
1395575025,1,30.0000,95.8000
1395575046,1,0.0100,95.8000
1395575054,1,24.9900,95.8000
1395575054,1,5.0100,95.8000
1395575061,2,20.0000,95.7500
1395575064,2,250.0000,95.7500
1395575067,1,72.8912,95.7500
1395575068,2,72.8912,95.7600
1395575070,2,28.2676,95.7600
1395575070,2,44.6236,95.7100
1395575072,2,10.0206,95.7500
1395575072,2,18.2470,95.7100
1395575078,1,5.8840,95.8000
1395575107,1,1.6000,95.7900
1395575111,2,10.0206,95.7500
1395575121,1,20.0000,95.7800
1395575123,1,55.0274,95.7900
1395575123,1,50.8508,95.7900
1395575123,1,94.1218,95.7900
1395575135,2,5.8782,95.7800
1395575140,2,0.4661,95.7800
1395575145,1,9.5264,95.7900
1395575200,2,20.0000,95.7500
1395575229,1,1.0000,95.7500
1395575229,1,0.4030,95.7500
1395575259,1,103.2642,95.7500
1395575275,2,60.0000,95.7400
1395575280,2,60.0000,95.7400
1395575282,2,54.0600,95.7400
1395575282,2,5.9400,95.7400
1395575289,2,5.1463,95.7400
1395575293,2,59.2063,95.7400
1395575300,1,59.2063,95.7800
1395575300,1,20.0000,95.7800
1395575317,2,0.0100,95.7800
1395575317,2,294.9705,95.7800
1395575330,2,32.3212,95.7800
1395575352,2,108.4204,95.7800
1395575386,2,174.0500,95.7600
1395575391,2,32.8431,95.7400
1395575391,2,20.0000,95.7300
1395575391,2,21.0000,95.7300
1395575391,2,100.2069,95.7100
1395575405,2,80.7275,95.7200
1395575407,2,80.7275,95.7200
1395575409,2,12.5950,95.7200
1395575409,2,36.9225,95.7100
1395575409,2,4.7678,95.7000
1395575409,2,10.0000,95.7000
1395575409,2,16.4422,95.7000
1395575411,2,12.5950,95.7000
1395575436,2,131.2607,95.7100
1395575509,2,174.0200,95.7300
1395575509,2,18.9800,95.7200
1395575510,2,95.8000,95.7200
1395575510,2,78.2200,95.7100
1395575511,1,173.9700,95.7300
1395575514,2,63.8193,95.7100
1395575514,2,46.6542,95.6600
1395575514,2,10.0000,95.6500
1395575514,2,53.4965,95.6500
1395575554,2,0.0200,95.6800
1395575554,2,57.8581,95.6700
1395575561,2,57.8781,95.6700
1395575562,2,57.8781,95.6700
1395575571,2,0.3657,95.6700
1395575576,2,58.2438,95.6500
1395575578,2,57.5362,95.6500
1395575578,2,0.7076,95.6500
1395575589,2,57.5362,95.6500
1395575597,2,57.5300,95.6600
1395575597,2,0.0062,95.6500
1395575600,2,0.7076,95.6500
1395575600,2,56.8286,95.6500
1395575624,2,10.0000,95.6600
1395575678,1,0.0100,95.7300
1395575685,2,92.9497,95.6700
1395575685,2,32.3584,95.6700
1395575685,2,587.6295,95.6600
1395575685,2,140.0000,95.6600
1395575685,2,115.0800,95.6500
1395575685,2,1.4114,95.6500
1395575685,2,7.7959,95.6500
1395575685,2,100.0000,95.6200
1395575685,2,20.0000,95.6100
1395575685,2,207.2281,95.6100
1395575685,2,20.0000,95.6100
1395575685,2,4.4534,95.6100
1395575685,2,2.4596,95.6100
1395575685,2,0.1500,95.6100
1395575685,2,10.2190,95.6100
1395575685,2,80.6282,95.6100
1395575685,2,10.0000,95.6100
1395575685,2,200.0000,95.6100
1395575686,2,116.4914,95.6000
1395575688,1,0.0100,95.6100
1395575703,1,5.2686,95.6100
1395575708,1,0.0100,95.6100
1395575715,1,0.0100,95.6100
1395575717,1,2.0000,95.6100
1395575720,1,47.8440,95.6100
1395575720,2,2.0100,95.6100
1395575720,2,316.6622,95.6000
1395575720,2,4.7726,95.6000
1395575720,2,10.4541,95.6000
1395575720,2,7.9900,95.6000
1395575732,2,49.8440,95.6100
1395575732,2,2.0100,95.6000
1395575765,2,20.0000,95.5900
1395575765,2,144.8053,95.5600
1395575765,2,35.1847,95.5500
1395575769,1,0.0100,95.6000
1395575771,2,6.5715,95.5500
1395575790,1,420.0280,95.6000
1395575868,1,12.5475,95.5900
1395575885,1,100.0000,95.5900
1395575890,1,84.9860,95.5900
1395575899,2,10.0000,95.5700
1395575903,1,500.0000,95.5900
1395575913,1,15.0140,95.5900
1395575913,1,44.9887,95.5900
1395575913,1,80.7984,95.6000
1395575913,1,10.0000,95.7000
1395575913,1,68.6571,95.7000
1395575945,1,30.0000,95.6800
1395575947,2,300.1279,95.5900
1395575947,2,174.0600,95.5800
1395575947,2,3521.2680,95.5700
1395575991,1,10.0000,95.5900
1395575993,2,300.1279,95.5700
1395575993,2,19.8445,95.5500
1395575993,2,48.2438,95.5500
1395575993,2,10.0000,95.5500
1395575993,2,64.0000,95.5500
1395575993,2,0.2170,95.5500
1395575998,2,0.1000,95.5400
1395575998,2,10.0000,95.5400
1395575998,2,19.9000,95.5300
1395576047,1,0.0247,95.5900
1395576105,2,3.0498,95.5400
1395576105,2,6.0000,95.5300
1395576105,2,0.1000,95.5300
1395576105,2,10.0000,95.5300
1395576105,2,89.0000,95.5300
1395576105,2,6.2130,95.5300
1395576105,2,194.0000,95.5300
1395576105,2,26.0000,95.5200
1395576105,2,172.3762,95.5200
1395576105,2,1.0000,95.5200
1395576105,2,644.7718,95.5100
1395576117,1,10.0000,95.5900
1395576120,2,65.8476,95.5100
1395576120,2,19.1384,95.5000
1395576220,1,12.5475,95.5900
1395576220,1,287.4525,95.5900
1395576231,1,0.2093,95.5900
1395576322,2,10.0187,95.5200
1395576322,2,287.9028,95.5100
1395576322,2,10.0083,95.5100
1395576322,2,12.5606,95.5000
1395576322,2,100.0000,95.5000
1395576322,2,10.8616,95.5000
1395576322,2,72.3041,95.5000
1395576322,2,0.1894,95.5000
1395576337,1,6.0000,95.5000
1395576363,2,4.0000,95.5000
1395576363,2,10.0882,95.4800
1395576370,2,60.0000,95.4600
1395576375,2,100.0000,95.4400
1395576375,2,1.0000,95.4000
1395576375,2,40.0000,95.4000
1395576375,2,440.9318,95.4000
1395576379,2,0.1000,95.3800
1395576379,2,100.0000,95.3000
1395576379,2,0.0100,95.3000
1395576379,2,100.0000,95.2500
1395576379,2,400.0000,95.2500
1395576379,2,46.9146,95.2500
1395576380,1,32.9997,95.2500
1395576384,1,103.2000,95.2500
1395576390,2,0.0500,95.2000
1395576414,2,20.7430,95.2500
1395576414,2,0.5000,95.2100
1395576414,2,3.8752,95.2000
1395576414,2,10.0000,95.2000
1395576414,2,57.0000,95.2000
1395576414,2,5.2595,95.2000
1395576418,1,0.1000,95.1900
1395576431,2,29.5121,95.1300
1395576431,2,0.1000,95.1100
1395576431,2,0.1000,95.1000
1395576431,2,53.6277,95.1000
1395576431,2,34.0000,95.1000
1395576431,2,100.0000,95.0600
1395576431,2,0.2465,95.0600
1395576431,2,26.3128,95.0200
1395576431,2,341.1009,95.0100
1395576431,1,0.1000,95.1800
1395576431,1,29.9000,95.1900
1395576438,1,2.0000,95.1900
1395576440,1,10.0000,95.1300
1395576443,1,10.0000,95.1800
1395576443,1,134.0600,95.1900
1395576449,2,10.0000,95.1300
1395576449,2,31.0000,95.1300
1395576457,1,8.0000,95.1900
1395576457,1,10.0000,95.2000
1395576473,2,0.9170,95.2000
1395576478,2,0.1000,95.2000
1395576479,1,0.0100,95.4000
1395576480,1,9.9900,95.4000
1395576485,2,21.5780,95.4000
1395576485,2,85.1003,95.2200
1395576485,2,203.2263,95.2000
1395576494,2,30.0000,95.4000
1395576494,2,143.0100,95.2400
1395576494,2,10.0802,95.2000
1395576494,2,438.2999,95.2000
1395576517,1,31.9743,95.3500
1395576526,1,0.0369,95.3300
1395576535,2,20.0000,95.2100
1395576551,1,15.3457,95.2100
1395576567,1,5.0000,95.3000
1395576601,2,15.0000,95.3200
1395576615,1,9.4473,95.3000
1395576618,1,50.0000,95.3000
1395576627,1,35.5527,95.3000
1395576631,2,20.0000,95.2300
1395576631,2,142.9740,95.2200
1395576631,2,0.1301,95.2200
1395576631,2,32.0100,95.2200
1395576631,2,200.0000,95.2100
1395576631,2,10.0210,95.2000
1395576631,2,0.2413,95.2000
1395576641,1,100.0000,95.2200
1395576660,2,125.5127,95.2300
1395576669,1,41.0000,95.2200
1395576672,1,32.3471,95.2200
1395576677,1,2.2062,95.2200
1395576678,1,10.7050,95.2200
1395576681,1,28.0000,95.2200
1395576686,1,0.0442,95.2200
1395576711,2,37.8004,95.2000
1395576711,2,2.5148,95.1900
1395576711,2,41.0800,95.1500
1395576711,2,33.5615,95.1500
1395576711,2,5.0000,95.1400
1395576711,2,100.0000,95.0600
1395576711,2,50.0000,95.0500
1395576711,2,4.5306,95.0400
1395576741,2,93.4970,95.0600
1395576741,2,120.0000,95.0500
1395576741,2,73.3900,95.0500
1395576741,2,2.0831,95.0400
1395576741,2,167.8647,95.0400
1395576741,2,999.8947,95.0300
1395576741,2,576.2705,95.0200
1395576748,2,15.0000,95.1000
1395576748,2,20.0000,95.0600
1395576748,2,240.0890,95.0200
1395576748,2,44.2827,95.0100
1395576748,2,158.8991,95.0100
1395576748,2,145.2517,95.0100
1395576755,1,1.4751,95.1900
1395576757,2,1.4700,95.0600
1395576757,2,100.0000,95.0500
1395576757,2,81.2631,95.0100
1395576757,2,100.0000,95.0100
1395576757,2,48.8563,95.0000
1395576757,2,29.0000,95.0000
1395576757,2,0.7910,95.0000
1395576757,2,33.3190,95.0000
1395576757,2,0.8916,95.0000
1395576757,2,49.6201,95.0000
1395576757,2,0.5000,95.0000
1395576757,2,10.0000,95.0000
1395576757,2,30.0000,95.0000
1395576757,2,114.2889,95.0000
1395576770,2,75.9213,95.0000
1395576770,2,14.4000,95.0000
1395576770,2,4.9632,95.0000
1395576784,1,11.0000,94.9900
1395576789,2,0.9972,94.9800
1395576789,2,11.0100,94.9000
1395576789,2,100.0000,94.8900
1395576789,2,139.4622,94.8800
1395576789,2,92.9497,94.8800
1395576791,1,100.9972,94.8900
1395576791,1,11.0100,94.9800
1395576791,1,163.2081,94.9900
1395576792,1,3.0072,95.0000
1395576793,2,41.0000,94.9900
1395576795,2,110.0000,94.9900
1395576797,1,92.2773,95.0000
1395576801,2,2.0000,95.0000
1395576801,2,81.9227,95.0000
1395576801,2,7.5695,94.9900
1395576803,2,87.1965,94.9900
1395576820,1,4.3522,94.9900
1395576838,2,3.0000,95.0000
1395576840,2,47.0000,95.0000
1395576840,2,15.0000,95.0000
1395576840,1,50.0000,95.0800
1395576860,2,607.9101,95.0000
1395576872,1,94.7099,95.0300
1395576875,1,11.0000,95.2000
1395576875,1,48.8563,95.2000
1395576875,1,10.0000,95.2300
1395576875,1,30.1437,95.3400
1395576913,2,10.0000,95.0700
1395576943,2,32.9997,95.0900
1395576967,1,32.9997,95.1400
1395576967,1,79.4901,95.1400
1395576967,1,187.5102,95.1500
1395576985,1,46.6900,95.1300
1395577004,2,0.5000,95.1300
1395577009,1,12.4898,95.1500
1395577009,1,44.2827,95.1600
1395577009,1,120.0000,95.1700
1395577020,2,93.4970,95.1800
1395577044,1,15.0000,95.2000
1395577075,1,47.0870,95.2600
1395577075,1,16.0000,95.2800
1395577075,1,93.4970,95.2900
1395577079,2,50.0000,95.2900
1395577082,2,76.7625,95.2900
1395577087,1,50.0000,95.2900
1395577087,1,35.1003,95.3000
1395577123,1,0.0413,95.3000
1395577157,1,91.2320,95.3200
1395577170,1,47.0327,95.3200
1395577174,2,2.0831,95.2500
1395577189,1,6.5406,95.3200
1395577189,1,3.9503,95.3200
1395577236,1,6.6174,95.4000
1395577268,2,11.6535,95.3300
1395577310,2,162.3000,95.2800
1395577310,2,23.9303,95.2700
1395577310,2,13.7697,95.2700
1395577342,2,100.0000,95.3400
1395577342,2,6.6243,95.3000
1395577342,2,107.1257,95.2900
1395577342,2,86.2303,95.2700
1395577342,2,20.1000,95.2500
1395577342,2,102.8298,95.2000
1395577394,1,12.0000,95.3300
1395577397,2,49.9587,95.2100
1395577399,2,35.2585,95.2100
1395577481,1,173.9535,95.3100
1395577481,1,234.7546,95.3200
1395577501,1,99.9401,95.3200
1395577502,2,14.0134,95.3200
1395577516,2,77.0465,95.3200
1395577570,1,391.6616,95.3000
1395577584,2,158.8833,95.3000
1395577600,1,18.5079,95.3000
1395577601,2,41.0000,95.2600
1395577601,2,174.0800,95.2400
1395577601,2,26.0361,95.2400
1395577601,2,21.0000,95.2400
1395577607,1,140.3754,95.3000
1395577610,2,85.2764,95.2300
1395577621,2,34.8514,95.2100
1395577626,2,42.1580,95.2000
1395577626,2,10.0000,95.2000
1395577626,2,35.0000,95.1200
1395577640,2,93.6347,95.0400
1395577640,2,3.4932,95.0300
1395577642,1,52.1580,95.2000
1395577654,1,26.0361,95.2900
1395577654,1,41.0000,95.2900
1395577654,1,174.0800,95.2900
1395577656,2,25.4703,95.2900
1395577656,2,120.0000,95.0500
1395577656,2,2.7207,95.0500
1395577679,1,50.0000,95.2900
1395577681,2,174.4700,95.0800
1395577681,2,86.3370,95.0700
1395577687,2,5.2113,95.1000
1395577687,1,10.0000,95.2800
1395577701,1,10.0000,95.2500
1395577713,1,10.0000,95.2500
1395577724,1,71.2199,95.2500
1395577734,1,2.4148,95.2400
1395577763,1,54.0000,95.2200
1395577764,2,2.4148,95.1500
1395577775,2,1.7265,95.1500
1395577784,1,4.2026,95.2400
1395577796,2,25.5528,95.1500
1395577796,2,10.0200,95.1300
1395577796,2,302.8279,95.1200
1395577805,1,73.6347,95.1200
1395577815,2,19.4610,95.1200
1395577815,2,29.8640,95.1000
1395577815,2,44.7887,95.1000
1395577817,1,5.8863,95.1000
1395577825,2,13.2579,95.1500
1395577850,2,67.0727,95.1100
1395577863,2,10.0000,95.1000
1395577874,1,10.0000,95.1000
1395577883,1,19.1442,95.1300
1395577886,2,17.1663,95.1300
1395577897,1,316.8370,95.0900
1395577964,2,50.0000,95.1500
1395578011,1,10.0000,95.2000
1395578011,1,174.4900,95.2300
1395578011,1,15.5100,95.2400
1395578024,1,123.5137,95.2400
1395578024,1,499.5625,95.2500
1395578046,1,47.2049,95.2500
1395578055,2,40.0000,95.1500
1395578064,1,40.0000,95.2400
1395578064,1,16.0856,95.2400
1395578066,1,50.0000,95.2400
1395578084,1,1.0161,95.2400
1395578084,1,119.2293,95.2500
1395578084,1,26.0784,95.2700
1395578101,1,50.0000,95.2900
1395578101,1,10.0000,95.3000
1395578110,2,40.6674,95.3000
1395578112,2,30.0000,95.3000
1395578113,2,158.8833,95.3000
1395578119,2,176.9086,95.3000
1395578178,1,5.0000,95.2600
1395578213,2,41.0000,95.2400
1395578234,2,0.0100,95.2300
1395578241,1,32.5064,95.2400
1395578254,2,78.9150,95.2400
1395578272,1,21.0851,95.2400
1395578274,2,72.5570,95.2400
1395578274,2,101.9530,95.2300
1395578312,2,6.0000,95.2100
1395578327,2,66.5800,95.2100
1395578333,2,10.0105,95.2000
1395578333,2,106.0000,95.1400
1395578333,2,30.0536,95.1300
1395578333,2,300.0000,95.1200
1395578333,2,143.1727,95.1100
1395578351,2,0.1000,95.1200
1395578432,1,10.0000,95.1900
1395578450,2,10.0000,95.1500
1395578450,2,164.0535,95.1400
1395578450,2,100.0000,95.1400
1395578450,2,67.2075,95.1300
1395578450,2,2.0000,95.1300
1395578450,2,8.0000,95.1300
1395578450,2,73.5992,95.1200
1395578450,2,149.9000,95.1200
1395578450,2,42.2872,95.1000
1395578450,2,10.0106,95.1000
1395578455,2,8.8986,95.0900
1395578461,1,165.6444,95.0900
1395578466,1,1.0000,95.1000
1395578471,1,1.0000,95.1000
1395578474,2,34.3556,95.0900
1395578475,1,0.5000,95.0900
1395578480,1,0.2467,95.0900
1395578486,1,0.5000,95.0900
1395578487,1,1.0000,95.0900
1395578487,1,18.4635,95.0900
1395578491,1,0.5000,95.0900
1395578495,1,0.5000,95.0900
1395578500,1,17.5334,95.0900
1395578507,1,0.5000,95.1000
1395578508,1,40.0000,95.1000
1395578512,1,0.4000,95.1000
1395578513,1,20.0000,95.1000
1395578517,1,660.0420,95.1000
1395578537,2,0.8070,95.1000
1395578541,1,0.1597,95.1800
1395578547,1,26.0988,95.1800
1395578549,1,28.3495,95.1800
1395578578,2,0.1235,95.1000
1395578578,2,1.7818,95.1000
1395578578,2,166.0816,95.1000
1395578578,2,174.5200,95.1000
1395578578,2,200.0000,95.1000
1395578578,2,20.4000,95.1000
1395578582,1,127.2286,95.0900
1395578592,1,47.2914,95.0900
1395578592,1,167.7566,95.1000
1395578603,1,197.1284,95.1000
1395578621,1,10.0000,95.1700
1395578658,2,61.3007,95.1300
1395578667,1,2.0000,95.1300
1395578695,1,2.6000,95.1300
1395578706,2,39.0341,95.1100
1395578740,2,1.6628,95.1100
1395578740,2,38.3372,95.1100
1395578743,1,1.3068,95.1300
1395578762,2,63.4663,95.1300
1395578779,1,61.3007,95.1600
1395578793,2,2.7227,95.1600
1395578803,2,8.9766,95.1600
1395578827,1,3.0234,95.1600
1395578827,1,38.3372,95.1700
1395578827,1,39.0341,95.1700
1395578827,1,16.0988,95.1800
1395578827,1,8.8986,95.1800
1395578827,1,67.9029,95.1800
1395578848,1,75.2698,95.1800
1395578848,1,224.7302,95.1900
1395578882,2,120.0000,95.1900
1395578883,1,100.0000,95.1900
1395578890,1,144.4965,95.1900
1395578896,1,10.0106,95.2000
1395578896,1,17.0463,95.2600
1395578896,1,8.0000,95.2600
1395578904,2,64.9431,95.2600
1395578948,2,95.0000,95.2200
1395578948,2,5.0000,95.2100
1395578950,2,26.0919,95.2200
1395578950,2,40.7491,95.2100
1395578950,2,174.3700,95.2000
1395578950,2,2.5521,95.1900
1395578974,1,174.3700,95.1900
1395578974,1,25.6300,95.1900
1395579005,2,0.0100,95.1500
1395579008,1,315.1191,95.2000
1395579024,2,0.1000,95.2000
1395579029,1,200.0000,95.2000
1395579036,1,49.9000,95.2000
1395579043,2,14.1747,95.2100
1395579051,2,40.9842,95.2100
1395579061,2,14.1748,95.2100
1395579071,2,104.9963,95.2100
1395579071,2,200.0000,95.2000
1395579071,2,9.5167,95.1500
1395579077,1,174.3300,95.1800
1395579077,1,25.6700,95.1900
1395579097,1,310.4200,95.1900
1395579099,1,22.5366,95.1900
1395579115,2,174.3000,95.2000
1395579121,1,45.7000,95.2000
1395579164,1,30.0000,95.1500
1395579164,1,200.0000,95.1500
1395579168,2,10.0000,95.1300
1395579168,2,36.4711,95.1300
1395579170,1,70.0000,95.1500
1395579179,1,0.0100,95.2300
1395579180,1,0.0967,95.2300
1395579180,2,17.4732,95.1300
1395579210,2,56.0000,95.1500
1395579210,2,7.2632,95.1500
1395579228,2,0.1000,95.1400
1395579228,2,79.3037,95.1300
1395579228,1,2.0000,95.1300
1395579234,1,18.5963,95.1300
1395579273,2,80.0000,95.1100
1395579273,2,10.0211,95.1000
1395579273,2,76.8675,95.1000
1395579320,2,150.0000,95.1200
1395579361,1,11.4406,95.1600
1395579361,1,0.1000,95.1600
1395579361,1,174.1933,95.1700
1395579361,1,14.2661,95.1800
1395579381,1,93.6134,95.1700
1395579395,1,0.0100,95.1400
1395579395,1,26.3866,95.1700
1395579395,1,65.0376,95.1800
1395579395,1,63.9443,95.1800
1395579396,1,10.0211,95.2000
1395579421,2,89.9789,95.2000
1395579431,1,89.9789,95.2000
1395579466,2,100.0000,95.2000
1395579466,2,50.0000,95.2000
1395579476,1,150.0000,95.2000
1395579476,1,100.0000,95.2000
1395579476,1,66.4835,95.2200
1395579476,1,200.0000,95.2500
1395579476,1,26.0919,95.2600
1395579476,1,144.9878,95.2900
1395579488,1,10.0105,95.3000
1395579496,2,164.0495,95.3000
1395579496,2,56.0856,95.2900
1395579498,1,100.0000,95.3400
1395579504,2,100.0300,95.3100
1395579504,2,60.3900,95.2900
1395579509,2,409.0197,95.2900
1395579510,2,137.9415,95.2900
1395579537,1,30.0000,95.2700
1395579537,1,174.0900,95.2800
1395579537,1,302.1165,95.2900
1395579563,2,1.1265,95.2100
1395579602,1,418.8385,95.2800
1395579602,1,41.0000,95.2800
1395579605,1,2.0000,95.2900
1395579613,2,172.0700,95.2900
1395579616,1,0.0372,95.3000
1395579628,2,213.8718,95.3000
1395579661,2,93.6134,95.2200
1395579675,1,0.1049,95.2900
1395579688,2,0.1100,95.2400
1395579761,2,10.0000,95.2300
1395579781,1,174.0751,95.2600
1395579786,2,80.7000,95.2600
1395579786,1,170.8019,95.2700
1395579807,2,1.0000,95.2300
1395579848,1,7.2632,95.3000
1395579848,1,213.8718,95.3000
1395579894,1,0.5000,95.3500
1395579894,1,9.9876,95.3500
1395579950,1,1.0000,95.2900
1395579950,1,76.8675,95.3500
1395579950,1,14.6046,95.3500
1395579999,2,174.0600,95.2700
1395579999,2,41.0000,95.2700
1395580005,1,413.4435,95.3300
1395580013,1,8.1351,95.3500
1395580019,1,89.0850,95.3500
1395580027,2,93.5447,95.3000
1395580037,2,10.0000,95.3300
1395580044,1,76.8399,95.3200
1395580044,1,326.6036,95.3300
1395580052,2,54.9280,95.3000
1395580054,2,34.2020,95.3000
1395580055,1,54.9280,95.3000
1395580055,1,21.9119,95.3300
1395580095,1,388.7360,95.3300
1395580102,1,91.5474,95.3300
1395580102,1,10.0000,95.3300
1395580102,1,12.2901,95.3300
1395580102,1,76.8399,95.3300
1395580108,2,45.7491,95.3300
1395580136,1,21.0000,95.3500
1395580136,1,31.4383,95.3500
1395580165,2,2.0000,95.3300
1395580165,2,109.3508,95.3200
1395580174,2,31.4500,95.3200
1395580188,1,9.5500,95.3200
1395580206,2,0.0100,95.3100
1395580214,2,119.1800,95.3100
1395580214,2,77.6611,95.3000
1395580216,1,438.2350,95.3300
1395580219,1,69.4018,95.3300
1395580229,1,174.1297,95.3400
1395580246,1,26.0679,95.3500
1395580257,1,6.5324,95.3500
1395580257,1,100.0000,95.3600
1395580257,1,85.2764,95.3600
1395580279,1,57.7106,95.3600
1395580279,1,6.6243,95.3700
1395580287,1,26.0080,95.4000
1395580314,1,26.0679,95.3900
1395580320,1,81.1177,95.4000
1395580320,1,3.4036,95.4000
1395580324,2,84.5213,95.4000
1395580324,2,5.0423,95.4000
1395580330,2,84.4564,95.4000
1395580334,1,89.5636,95.4000
1395580334,1,84.4564,95.4700
1395580334,1,122.0650,95.4700
1395580338,2,89.5636,95.4000
1395580338,2,89.5643,95.4000
1395580338,2,10.6846,95.4000
1395580341,2,73.8354,95.4000
1395580341,2,115.9771,95.3900
1395580341,2,64.3349,95.3900
1395580345,2,30.0000,95.4000
1395580348,2,70.0000,95.4000
1395580348,1,30.0000,95.4000
1395580348,2,46.6140,95.4000
1395580355,2,45.7249,95.4000
1395580367,1,31.8515,95.4400
1395580381,2,9.5005,95.3900
1395580400,1,5.0423,95.3900
1395580400,1,137.1898,95.4000
1395580400,1,64.6496,95.4000
1395580403,1,5.0423,95.4000
1395580413,2,174.0600,95.4200
1395580413,2,11.2337,95.4100
1395580419,2,174.0600,95.4100
1395580425,1,49.8497,95.4100
1395580458,2,2.6222,95.3500
1395580512,1,2.6222,95.4300
1395580512,1,61.6918,95.4300
1395580518,1,174.0600,95.4200
1395580518,1,38.3082,95.4300
1395580526,1,2.0000,95.4500
1395580526,1,1.8730,95.4600
1395580526,1,91.2320,95.4800
1395580531,2,304.8950,95.4800
1395580550,2,27.1919,95.4900
1395580572,1,2.5661,95.5000
1395580576,1,90.0000,95.4900
1395580576,1,43.3162,95.5000
1395580578,1,54.1177,95.5000
1395580578,1,1.7482,95.5000
1395580578,1,31.5680,95.5000
1395580578,1,226.5148,95.5100
1395580581,2,43.3162,95.5100
1395580588,1,26.0080,95.4900
1395580588,1,606.3260,95.5000
1395580592,1,64.3140,95.4800
1395580592,1,26.0080,95.5000
1395580605,2,173.9000,95.5100
1395580605,2,126.1000,95.5000
1395580612,2,93.5447,95.5000
1395580613,2,310.2200,95.5000
1395580617,2,38.1553,95.5000
1395580621,1,53.5439,95.5000
1395580632,1,5.5185,95.5000
1395580652,1,0.1000,95.5300
1395580671,1,50.4749,95.5000
1395580673,1,0.0001,95.5000
1395580678,2,28.0000,95.5000
1395580679,2,10.0000,95.5000
1395580696,2,508.6973,95.5000
1395580710,2,4.0000,95.4300
1395580710,2,5.8632,95.4200
1395580715,2,20.2230,95.4200
1395580715,2,69.7770,95.4100
1395580759,1,59.5250,95.4800
1395580759,1,0.4750,95.5400
1395580778,2,29.3760,95.4800
1395580778,2,0.4700,95.4400
1395580778,2,26.0565,95.4300
1395580778,2,14.5000,95.4300
1395580778,2,22.0696,95.4300
1395580823,2,0.6000,95.4400
1395580831,2,1.2727,95.4400
1395580831,2,20.7273,95.4300
1395580864,2,114.3789,95.4500
1395580949,1,33.5615,95.4800
1395580949,1,0.4700,95.4900
1395580949,1,26.0565,95.4900
1395580949,1,173.4250,95.5000
1395580960,1,50.0000,95.5100
1395580960,1,27.0000,95.5100
1395580983,1,100.1000,95.5400
1395580990,1,100.0000,95.5500
1395580990,1,100.0000,95.5500
1395580990,1,20.0000,95.5500
1395580990,1,0.5000,95.5900
1395580993,2,89.4280,95.5900
1395580993,2,10.4720,95.5400
1395581008,2,8.1351,95.5500
1395581010,2,10.0000,95.5600
1395581010,1,8.1351,95.5900
1395581010,1,157.8891,95.6000
1395581013,1,92.3430,95.6000
1395581015,2,111.4214,95.5700
1395581022,1,4.0000,95.5900
1395581022,1,140.8584,95.6000
1395581022,1,138.9328,95.6000
1395581022,1,40.0000,95.6000
1395581022,1,10.8616,95.6000
1395581022,1,440.9318,95.6500
1395581022,1,76.5594,95.6500
1395581022,2,55.9934,95.5700
1395581037,1,23.4406,95.6500
1395581037,1,2.5750,95.6500
1395581039,2,19.7554,95.6100
1395581040,2,153.9446,95.6100
1395581066,1,93.4070,95.6300
1395581075,1,74.0078,95.6300
1395581075,1,156.3762,95.6300
1395581075,1,17.3238,95.6300
1395581075,1,200.0000,95.6400
1395581075,1,26.5634,95.6500
1395581075,1,10.4541,95.6500
1395581075,1,26.0156,95.6900
1395581075,1,28.5600,95.6900
1395581076,2,14.0000,95.6900
1395581077,2,0.1000,95.6900
1395581081,1,0.0413,95.7000
1395581081,1,10.0000,95.7000
1395581082,2,163.5287,95.7000
1395581082,2,125.3602,95.6900
1395581083,2,20.0000,95.6900
1395581088,2,143.4287,95.6900
1395581095,1,20.0000,95.6900
1395581102,2,6.0156,95.6900
1395581134,2,8.6955,95.6000
1395581141,2,91.3045,95.6000
1395581143,1,204.7805,95.6000
1395581143,1,28.9671,95.6400
1395581145,2,4.3629,95.5900
1395581146,1,10.0000,95.5900
1395581152,1,4.3629,95.5900
1395581164,2,93.4070,95.6000
1395581180,2,60.5018,95.6000
1395581191,2,50.0000,95.6500
1395581192,1,50.0000,95.6500
1395581192,1,200.0000,95.6900
1395581192,1,6.0156,95.6900
1395581192,1,130.2400,95.6900
1395581192,1,20.0000,95.6900
1395581192,1,10.0000,95.6900
1395581192,2,50.0000,95.6900
1395581199,2,34.8500,95.6900
1395581201,2,192.4196,95.6900
1395581213,2,1.0000,95.6000
1395581239,1,6.0160,95.6800
1395581275,1,191.7468,95.6700
1395581279,2,10.0000,95.6500
1395581284,1,10.0000,95.6700
1395581284,1,16.0180,95.6800
1395581285,2,90.0000,95.6500
1395581289,2,10.0000,95.6700
1395581293,1,80.0000,95.6500
1395581306,2,92.3430,95.6300
1395581311,2,70.0000,95.6300
1395581319,2,11.3070,95.6300
1395581319,2,154.7172,95.6200
1395581338,2,10.0000,95.6000
1395581338,2,98.6636,95.6000
1395581338,2,4.0000,95.6000
1395581345,2,2.0000,95.5800
1395581347,1,30.8494,95.6000
1395581377,2,70.0000,95.5200
1395581414,2,1.0000,95.5500
1395581419,1,26.0866,95.6200
1395581432,2,99.0000,95.5500
1395581440,1,1.0000,95.5500
1395581441,1,0.0507,95.6200
1395581453,2,0.1000,95.5500
1395581470,1,100.0000,95.5800
1395581476,2,93.7781,95.5500
1395581477,2,45.2392,95.5500
1395581477,2,0.9000,95.5500
1395581477,2,60.5665,95.5500
1395581477,2,20.0000,95.5400
1395581477,2,19.4006,95.5400
1395581491,2,100.0000,95.5200
1395581491,2,87.0603,95.5200
1395581491,2,10.0000,95.5000
1395581491,2,112.8319,95.5000
1395581493,1,4.2620,95.5300
1395581516,2,77.1681,95.5000
1395581529,1,3.1828,95.5200
1395581538,2,3.1800,95.4900
1395581538,2,6.8200,95.4800
1395581550,1,3.1800,95.5100
1395581550,1,170.4672,95.5200
1395581552,2,26.3528,95.5200
1395581557,1,73.6472,95.5200
1395581557,2,4.0000,95.5300
1395581562,2,22.3528,95.5300
1395581562,2,33.6758,95.5100
1395581620,1,155.0598,95.5600
1395581625,1,20.0000,95.5600
1395581627,1,124.9402,95.5600
1395581629,1,155.0598,95.5700
1395581635,1,10.0000,95.5900
1395581635,1,190.0000,95.6000
1395581635,1,6.2356,95.6000
1395581635,1,10.0000,95.6000
1395581637,2,100.0000,95.5700
1395581655,1,39.9768,95.6100
1395581705,1,10.0000,95.5600
1395581705,1,50.0000,95.5700
1395581705,1,50.0000,95.5800
1395581705,1,79.2320,95.6000
1395581760,1,46.8952,95.5800
1395581806,1,0.5126,95.5800
1395581835,1,1.0000,95.5800
1395581848,2,29.7586,95.5400
1395581855,2,16.4377,95.5400
1395581855,2,6.2401,95.5300
1395581855,2,9.8826,95.5300
1395581855,2,173.6300,95.5300
1395581855,2,199.0000,95.5000
1395581855,2,71.2100,95.5000
1395581855,2,26.1196,95.5000
1395581856,1,119.2858,95.5000
1395581856,1,98.4874,95.5800
1395581856,1,16.1708,95.5800
1395581890,1,173.6300,95.5600
1395581890,1,44.1966,95.5700
1395581890,1,100.0000,95.5800
1395581890,1,66.1810,95.5800
1395581890,1,53.1048,95.5800
1395581900,2,33.6758,95.5600
1395581914,2,16.3242,95.5600
1395581919,1,31.6758,95.5300
1395581965,1,68.1364,95.5800
1395581965,1,31.6758,95.5800
1395581979,2,31.6900,95.5400
1395582004,2,20.0000,95.5400
1395582032,2,3.3000,95.5500
1395582032,2,46.7000,95.5400
1395582041,1,31.8680,95.5800
1395582041,1,31.6900,95.5800
1395582041,1,18.0000,95.5900
1395582041,1,100.0000,95.5900
1395582041,1,100.0000,95.5900
1395582041,1,199.0000,95.6000
1395582041,1,86.1881,95.6000
1395582042,2,12.0000,95.5400
1395582057,2,19.7000,95.5400
1395582057,2,25.7300,95.5400
1395582066,1,54.5700,95.5400
1395582115,1,0.0626,95.5400
1395582115,1,9.9374,95.5400
1395582117,2,46.0912,95.5400
1395582117,2,103.9088,95.5300
1395582195,1,135.6088,95.5400
1395582207,1,1.5000,95.5500
1395582279,1,5.0000,95.5600
1395582279,1,3.0000,95.5600
1395582290,1,0.0300,95.5600
1395582309,2,135.4109,95.5500
1395582313,2,0.1791,95.5500
1395582313,2,36.6000,95.5500
1395582341,2,26.1196,95.5400
1395582450,2,1.0000,95.5400
1395582462,2,31.5959,95.5400
1395582470,2,20.0000,95.5400
1395582477,2,3.7375,95.5400
1395582508,2,35.3483,95.5100
1395582508,2,10.0105,95.5000
1395582508,2,4.0000,95.5000
1395582508,2,26.1305,95.5000
1395582508,2,199.0000,95.5000
1395582517,1,19.5107,95.5000
1395582523,2,248.1105,95.5000
1395582523,2,56.7534,95.4800
1395582523,2,695.1361,95.4800
1395582534,2,1612.2108,95.4800
1395582534,2,104.7339,95.4800
1395582538,2,941.0390,95.4000
1395582538,2,10.0352,95.4000
1395582544,2,8.3267,95.3600
1395582562,2,33.1986,95.3700
1395582562,2,31.6733,95.3600
1395582562,2,40.0000,95.3600
1395582565,1,91.3180,95.3900
1395582573,1,0.4680,95.3900
1395582594,2,0.4700,95.3600
1395582597,1,5.0000,95.3900
1395582597,1,76.9040,95.3900
1395582605,1,0.0100,95.3900
1395582605,1,4.9900,95.3900
1395582611,2,0.1000,95.3900
1395582638,1,0.1000,95.4000
1395582650,1,0.2800,95.5000
1395582658,2,173.0000,95.5100
1395582658,2,229.1252,95.5000
1395582663,2,270.5948,95.5000
1395582741,1,1.5000,95.4900
1395582745,2,0.2000,95.4500
1395582769,1,0.0603,95.4900
1395582778,1,5.5299,95.4500
1395582778,1,171.9097,95.4900
1395582814,1,10.0000,95.5000
1395582830,2,5.1900,95.5100
1395582833,2,168.2500,95.5100
1395582837,1,5.1900,95.5100
1395582844,2,46.2771,95.5200
1395582864,2,50.0000,95.5300
1395582864,2,19.0789,95.5300
1395582931,2,36.9497,95.5000
1395582963,2,41.0000,95.5100
1395582963,2,9.0000,95.5000
1395582969,1,0.3255,95.5200
1395582992,1,0.9745,95.5200
1395582992,1,0.0285,95.5300
1395582998,2,0.1000,95.5000
1395583057,2,0.0250,95.5200
1395583062,1,0.1920,95.5200
1395583062,1,10.4624,95.5300
1395583062,1,56.3178,95.5400
1395583069,1,117.1222,95.5400
1395583069,1,280.2829,95.5500
1395583072,2,161.1301,95.5500
1395583089,2,63.1426,95.5500
1395583123,2,100.0000,95.5100
1395583138,2,50.0000,95.5100
1395583260,1,41.0000,95.5200
1395583411,1,5.6581,95.5200
1395583419,1,20.0000,95.5300
1395583446,2,8.4737,95.5200
1395583446,2,23.4900,95.5100
1395583446,2,59.3543,95.5000
1395583457,2,62.1245,95.5000
1395583472,1,10.0000,95.4900
1395583531,2,0.3000,95.4600
1395583547,1,0.3000,95.4800
1395583557,1,163.4900,95.4900
1395583557,1,173.9749,95.5000
1395583591,1,257.9889,95.5000
1395583626,2,8.1369,95.5300
1395583647,1,130.0000,95.5100
1395583680,1,0.2240,95.5200
1395583681,1,3.9252,95.5200
1395583713,1,0.0684,95.5200
1395583723,1,242.7885,95.5300
1395583743,1,350.3280,95.5400
1395583753,1,72.2775,95.5500
1395583753,1,2.3514,95.5500
1395583790,1,193.0000,95.5200
1395583830,1,203.4890,95.5200
1395583844,1,0.0790,95.5400
1395583847,2,203.4890,95.5200
1395583893,1,1.0000,95.5000
1395583893,1,349.3280,95.5000
1395583904,2,1.0000,95.5000
1395583910,1,348.3280,95.5000
1395583920,2,0.0790,95.4900
1395583946,1,13.0090,95.5200
1395583946,1,478.6202,95.5200
1395584001,1,203.4100,95.5200
1395584007,2,296.5900,95.5200
1395584041,2,175.6665,95.5000
1395584047,1,0.0790,95.5100
1395584047,1,60.3150,95.5200
1395584051,1,34.6850,95.5200
1395584051,1,0.0684,95.5200
1395584051,1,18.9927,95.5200
1395584066,2,17.8800,95.5200
1395584072,2,3.8892,95.5000
1395584075,1,17.8800,95.5200
1395584075,1,119.2271,95.5200
1395584083,2,10.0000,95.4900
1395584083,2,19.9990,95.4900
1395584127,2,120.0000,95.4100
1395584149,2,130.2872,95.4300
1395584149,2,43.3528,95.4200
1395584149,1,120.0000,95.4500
1395584149,1,53.6400,95.4600
1395584156,1,120.0000,95.4600
1395584187,1,296.6713,95.4900
1395584192,2,43.3528,95.4600
1395584205,1,173.6000,95.5000
1395584279,2,130.2472,95.4600
1395584286,2,379.5166,95.4500
1395584299,1,0.0400,95.4600
1395584299,1,4.7900,95.4900
1395584300,2,257.2666,95.4500
1395584385,1,0.2418,95.4800
1395584390,2,10.0000,95.4100
1395584390,2,166.4272,95.4000
1395584393,1,51.7942,95.4000
1395584408,1,136.1898,95.4000
1395584469,1,100.0515,95.4600
1395584492,2,100.0000,95.4100
1395584506,2,0.1000,95.4100
1395584527,1,39.7582,95.4400
1395584527,1,16.2347,95.4400
1395584536,2,16.2400,95.4100
1395584536,2,27.6568,95.4100
1395584536,2,80.2832,95.4000
1395584536,2,72.2077,95.4000
1395584540,1,0.5000,95.4300
1395584541,1,0.5000,95.4100
1395584574,1,3.3296,95.4100
1395584574,1,69.0388,95.4300
1395584626,2,27.0615,95.4100
1395584633,1,1.0000,95.4300
1395584636,2,12.9385,95.4100
1395584636,1,10.2444,95.4300
1395584636,1,0.5000,95.4300
1395584636,1,15.7400,95.4300
1395584636,1,0.1000,95.4300
1395584644,2,1.0000,95.4300
1395584661,1,4.0060,95.4400
1395584684,2,81.5280,95.4100
1395584684,2,4.0100,95.4100
1395584684,2,16.3400,95.4100
1395584684,2,64.5492,95.4000
1395584700,1,14.1450,95.4300
1395584743,1,0.5000,95.4300
1395584753,1,44.3009,95.4300
1395584753,1,35.9822,95.4300
1395584761,2,14.1500,95.4100
1395584761,2,58.2540,95.4000
1395584777,1,10.0000,95.4300
1395584809,1,4.1500,95.4300
1395584809,1,4.0178,95.4300
1395584809,1,6.2050,95.4300
1395584809,1,11.0000,95.4300
1395584809,1,153.3078,95.4400
1395584809,1,2.6486,95.4400
1395584809,1,136.0898,95.4500
1395584856,2,173.6100,95.4700
1395584856,2,202.0782,95.4600
1395584908,1,0.5408,95.5200
1395584915,2,0.5400,95.4800
1395584915,2,55.4529,95.4700
1395584927,1,0.5400,95.5100
1395584927,1,165.6888,95.5200
1395584964,1,0.5000,95.4800
1395584964,1,23.0000,95.5200
1395584964,1,7.3804,95.5200
1395584964,1,0.9384,95.5300
1395584982,1,6.9120,95.5300
1395584982,1,72.3684,95.5300
1395584991,2,55.4529,95.5300
1395584997,1,26.0515,95.5400
1395584997,1,29.8816,95.5500
1395584997,1,20.0457,95.5500
1395584997,1,13.4341,95.5600
1395585007,2,10.0000,95.5300
1395585007,2,40.7883,95.5300
1395585068,1,20.6037,95.5400
1395585076,1,5.0000,95.5400
1395585083,1,0.6400,95.5400
1395585088,1,149.4228,95.5400
1395585088,2,0.6400,95.5400
1395585104,1,10.0000,95.5400
1395585108,1,69.6431,95.5400
1395585114,2,10.0000,95.5400
1395585128,1,100.0000,95.5500
1395585128,1,616.8848,95.5500
1395585135,1,56.5659,95.5600
1395585136,2,116.9641,95.5600
1395585136,2,49.2647,95.5500
1395585139,2,233.8505,95.5500
1395585161,2,472.7126,95.5000
1395585181,1,104.1454,95.5400
1395585181,2,80.3167,95.5000
1395585181,2,297.8534,95.5000
1395585184,2,14.1384,95.5000
1395585200,1,94.5425,95.5200
1395585204,2,5.4575,95.5200
1395585204,2,306.8602,95.5000
1395585204,2,53.5342,95.4900
1395585204,2,19.9035,95.4800
1395585204,2,10.0000,95.4600
1395585204,2,10.0000,95.4600
1395585204,2,40.0000,95.4100
1395585204,2,6.9149,95.4000
1395585204,2,30.6518,95.3600
1395585233,1,173.5300,95.5200
1395585242,2,173.7000,95.4300
1395585277,1,173.7000,95.5200
1395585303,1,76.0000,95.5200
1395585314,2,76.0000,95.5000
1395585332,2,10.3568,95.5000
1395585347,1,19.9035,95.5200
1395585347,1,5.0000,95.5200
1395585347,1,25.8920,95.5200
1395585347,1,25.2045,95.5200
1395585369,2,81.5280,95.5000
1395585372,1,28.3297,95.5200
1395585372,1,332.3085,95.5200
1395585390,2,3.8510,95.5200
1395585396,2,135.5108,95.5200
1395585396,2,3.8510,95.5000
1395585421,2,160.5727,95.5000
1395585422,1,2.0000,95.5200
1395585431,1,1.8510,95.5200
1395585445,1,5.6900,95.5200
1395585445,1,25.9004,95.5200
1395585447,2,5.6900,95.5200
1395585447,2,47.8554,95.5000
1395585448,2,5.6900,95.5000
1395585454,1,47.8554,95.5000
1395585464,2,26.1410,95.5000
1395585464,2,47.8554,95.5000
1395585492,1,50.0000,95.5000
1395585505,2,31.8188,95.5000
1395585534,1,14.1354,95.5200
1395585539,1,39.4100,95.5200
1395585539,1,44.0000,95.5200
1395585539,1,113.2603,95.5200
1395585540,2,3.3297,95.5200
1395585540,2,31.6703,95.5000
1395585547,2,36.5109,95.5000
1395585547,2,366.1069,95.5000
1395585570,2,53.5567,95.5000
1395585578,1,362.5502,95.5000
1395585592,1,6.2130,95.5300
1395585592,1,27.9633,95.5300
1395585592,1,36.0669,95.5300
1395585609,1,53.5567,95.5200
1395585615,2,474.3612,95.5000
1395585616,1,6.2150,95.5000
1395585635,1,40.0000,95.5000
1395585642,2,53.5679,95.5000
1395585650,1,420.7933,95.5000
1395585666,2,420.7933,95.5000
1395585666,2,55.9813,95.5000
1395585677,1,53.5679,95.5200
1395585686,1,295.0000,95.5000
1395585691,1,125.7933,95.5000
1395585694,2,31.8256,95.5000
1395585694,2,605.3523,95.4900
1395585703,1,144.0209,95.4900
1395585708,1,31.8256,95.5000
1395585708,1,120.0000,95.5200
1395585727,2,144.0209,95.5200
1395585751,2,474.3612,95.5000
1395585765,1,50.0000,95.5200
1395585765,2,474.3612,95.5000
1395585827,1,31.8256,95.5200
1395585842,1,0.8800,95.5300
1395585870,2,41.0000,95.5200
1395585894,2,0.1348,95.5000
1395585940,2,53.5735,95.5100
1395585977,2,1.0000,95.5100
1395585988,2,3.0000,95.5100
1395585988,2,40.0000,95.5100
1395586020,2,96.4945,95.5000
1395586045,1,4.0000,95.5300
1395586045,1,17.0000,95.5300
1395586063,1,46.8952,95.5000
1395586069,2,119.3981,95.5200
1395586115,1,299.1727,95.5300
1395586115,1,36.5735,95.5300
1395586115,1,1.0000,95.5300
1395586120,2,166.2933,95.5200
1395586203,2,5.0000,95.5200
1395586211,2,10.0000,95.5000
1395586211,2,166.3380,95.5000
1395586211,2,35.0000,95.5000
1395586211,2,31.8355,95.4900
1395586232,1,5.0000,95.5200
1395586273,2,31.8355,95.5300
1395586303,1,150.0000,95.5300
1395586314,2,53.5791,95.5200
1395586319,2,6.0872,95.5100
1395586319,2,23.9128,95.5100
1395586340,2,50.0000,95.5200
1395586340,2,1.0000,95.5100
1395586347,1,166.3380,95.5300
1395586347,1,354.2310,95.5400
1395586351,1,26.8380,95.5400
1395586367,2,500.0000,95.5100
1395586368,1,3.1580,95.5300
1395586396,2,166.3728,95.5100
1395586409,2,520.0000,95.5000
1395586417,1,150.0000,95.5200
1395586444,2,10.0000,95.5000
1395586445,1,500.0000,95.5100
1395586458,2,500.0000,95.5000
1395586477,2,136.9165,95.5000
1395586477,1,158.4655,95.5100
1395586496,2,5.0000,95.5100
1395586501,2,152.5396,95.5000
1395586534,2,116.7387,95.5000
1395586540,2,230.7217,95.5000
1395586549,1,250.0000,95.5000
1395586550,1,36.2542,95.5000
1395586570,1,5.0000,95.5000
1395586606,1,375.2042,95.4900
1395586633,1,15.0000,95.5000
1395586637,1,293.7458,95.5000
1395586637,1,151.6752,95.5000
1395586659,1,500.0000,95.4900
1395586667,2,173.7700,95.4800
1395586667,2,271.6510,95.4700
1395586741,2,472.6730,95.4900
1395586767,1,200.0000,95.4900
1395586773,1,5.0000,95.4900
1395586779,2,40.0000,95.4700
1395586840,1,386.4734,95.4900
1395586881,1,27.9750,95.4900
1395586899,1,0.0100,95.4900
1395586915,1,0.0100,95.4900
1395586951,1,444.6780,95.4900
1395586957,2,50.0000,95.4800
1395586987,2,0.1000,95.4800
1395587004,2,0.0553,95.4800
1395587006,2,9.8447,95.4800
1395587019,1,0.0553,95.4800
1395587019,1,444.6780,95.4900
1395587037,1,444.7333,95.4900
1395587057,1,100.0000,95.4900
1395587095,2,75.4748,95.4700
1395587108,1,173.7700,95.4800
1395587111,1,300.0000,95.4900
1395587145,1,1.0000,95.5000
1395587210,2,86.4039,95.4900
1395587214,2,50.0000,95.4900
1395587223,2,227.0265,95.4900
1395587223,2,300.0000,95.4700
1395587224,2,20.0000,95.4600
1395587227,1,50.0000,95.4900
1395587234,2,173.8100,95.4600
1395587234,2,42.5635,95.4600
1395587238,2,30.0000,95.4500
1395587239,2,20.0000,95.4500
1395587239,2,19.9213,95.4500
1395587242,1,38.0000,95.4500
1395587243,2,9.4781,95.4300
1395587243,2,50.8414,95.4300
1395587243,2,50.0000,95.4300
1395587277,2,56.0533,95.4100
1395587282,2,50.0000,95.4200
1395587282,2,30.4230,95.4100
1395587282,2,10.0052,95.4000
1395587282,2,78.3894,95.4000
1395587285,1,6.0533,95.4000
1395587286,2,43.9467,95.4300
1395587286,2,2.0000,95.3600
1395587288,2,48.0000,95.3600
1395587288,2,19.3482,95.3600
1395587288,2,45.4198,95.3500
1395587308,2,50.0000,95.3300
1395587313,2,100.0000,95.3300
1395587313,2,60.0000,95.3300
1395587316,2,30.0000,95.3200
1395587321,2,30.1000,95.3200
1395587321,2,50.0996,95.3200
1395587321,2,135.7817,95.3000
1395587323,2,20.8740,95.2500
1395587336,2,79.1260,95.2500
1395587336,2,50.0000,95.2300
1395587347,1,66.9993,95.2300
1395587385,1,41.0471,95.2700
1395587388,2,41.0600,95.2400
1395587388,2,4.3598,95.2300
1395587396,1,1.6549,95.2600
1395587399,2,1.6500,95.2400
1395587399,2,45.6402,95.2300
1395587399,2,93.0007,95.2300
1395587399,2,159.7091,95.2000
1395587404,1,1.6500,95.2600
1395587404,1,2.2752,95.2600
1395587427,2,7.0539,95.2000
1395587427,2,10.0116,95.2000
1395587441,2,30.0000,95.1600
1395587446,2,82.6285,95.2000
1395587446,2,3.9300,95.1700
1395587446,2,13.4415,95.1600
1395587453,2,56.5585,95.1700
1395587481,1,82.6285,95.2000
1395587485,2,0.0200,95.1800
1395587511,2,8.9308,95.1800
1395587511,2,118.5926,95.1700
1395587537,2,20.0000,95.1900
1395587537,2,20.9011,95.1800
1395587574,1,173.8228,95.2200
1395587603,2,0.9735,95.2000
1395587639,1,2.0459,95.2400
1395587641,2,47.9541,95.2500
1395587641,2,2.0000,95.2400
1395587641,2,122.8759,95.2300
1395587641,2,44.0000,95.2300
1395587645,1,0.2170,95.2400
1395587646,2,5.9541,95.2300
1395587659,2,1.0000,95.2200
1395587666,2,30.0000,95.2100
1395587681,2,100.0000,95.2300
1395587681,2,50.0000,95.2000
1395587681,2,1.0000,95.2000
1395587681,2,2.0000,95.2000
1395587681,2,47.0000,95.1900
1395587684,1,5.9990,95.2500
1395587684,1,47.9541,95.2500
1395587686,2,46.0469,95.2500
1395587686,2,3.0000,95.1900
1395587686,2,50.9531,95.1800
1395587686,2,30.0000,95.1800
1395587687,2,100.0000,95.2500
1395587692,2,7.7572,95.1800
1395587754,2,6.2210,95.1800
1395587754,2,13.7790,95.1800
1395587783,1,173.8035,95.2400
1395587788,2,50.0000,95.2500
1395587791,1,7.7500,95.2600
1395587805,1,200.0000,95.2800
1395587819,1,6.2210,95.3400
1395587819,1,56.5033,95.3400
1395587819,2,100.0000,95.2800
1395587819,2,66.7630,95.2700
1395587880,1,0.6000,95.3100
1395587893,1,66.1630,95.3100
1395587894,1,247.0392,95.3200
1395587927,1,12.2700,95.3300
1395587927,1,35.9267,95.3400
1395587928,2,1.8033,95.3400
1395587928,2,173.6900,95.3200
1395587928,2,71.5459,95.3100
1395587934,2,89.2812,95.3100
1395588017,2,0.0415,95.2800
1395588052,1,150.0000,95.2900
1395588055,1,23.6900,95.2900
1395588055,1,150.0000,95.3000
1395588056,2,1.7909,95.3000
1395588071,2,100.0000,95.3300
1395588109,2,92.4785,95.2900
1395588109,2,89.3006,95.2900
1395588149,2,30.0000,95.2800
1395588149,2,16.9585,95.2800
1395588151,2,44.6130,95.2700
1395588153,2,29.0470,95.2700
1395588153,2,7.8730,95.2600
1395588157,2,30.0000,95.2600
1395588158,2,62.1270,95.2600
1395588206,1,62.0000,95.2400
1395588212,1,61.5920,95.2400
1395588214,1,50.0680,95.2400
1395588224,1,97.9820,95.2500
1395588241,2,173.6200,95.2600
1395588241,2,100.0000,95.2500
1395588301,2,0.1300,95.2400
1395588366,1,0.1000,95.3400
1395588428,1,1.9294,95.3400
1395588435,1,171.5906,95.3400
1395588442,2,18.0018,95.3400
1395588444,2,6.3232,95.3400
1395588444,2,14.2678,95.2600
1395588474,2,100.0000,95.3200
1395588506,2,59.4500,95.2500
1395588506,2,6.2270,95.2400
1395588506,2,114.2678,95.2400
1395588506,2,307.0673,95.2300
1395588506,2,23.1781,95.2300
1395588531,2,300.0000,95.3000
1395588584,1,173.7178,95.2900
1395588584,1,250.0000,95.3000
1395588610,1,185.9445,95.3000
1395588678,2,114.0933,95.3100
1395588688,1,1.6290,95.3600
1395588694,2,1.6300,95.3100
1395588694,2,57.9567,95.3100
1395588697,2,1.6300,95.3100
1395588709,2,0.1637,95.3000
1395588709,2,263.7658,95.3000
1395588749,1,12.0000,95.2900
1395588778,1,1.0000,95.2900
1395588788,1,99.4643,95.2900
1395588788,1,61.2167,95.2900
1395588788,1,20.0000,95.3000
1395588788,1,130.5583,95.3000
1395588809,1,5.5122,95.3000
1395588836,1,225.7375,95.3300
1395588836,1,50.0000,95.3400
1395588836,1,4.0993,95.3700
1395588870,1,19.0788,95.3700
1395588887,2,0.1000,95.3700
1395588898,1,10.0116,95.4000
1395588901,2,5.0000,95.4100
1395588926,1,6.2260,95.4700
1395588926,1,5.0000,95.4700
1395588931,2,5.0000,95.4700
1395588931,2,1.3340,95.4700
1395588931,2,5.0001,95.4700
1395588936,2,168.2363,95.4400
1395588993,1,10.0116,95.4000
1395589005,2,5.1700,95.4100
1395589062,2,74.9142,95.4200
1395589078,2,400.0000,95.4000
1395589089,2,6.5077,95.3800
1395589112,2,151.0308,95.3800
1395589112,2,18.9788,95.3700
1395589112,2,191.5920,95.3500
1395589163,1,91.2599,95.3800
1395589194,2,91.2599,95.3000
1395589262,2,72.3041,95.3000
1395589378,1,109.6114,95.2800
1395589455,1,173.4063,95.3500
1395589455,1,149.9950,95.3600
1395589491,1,229.4745,95.3500
1395589505,2,6.2430,95.2100
1395589505,2,23.7570,95.2100
1395589543,1,0.0100,95.3900
1395589558,1,163.5640,95.3300
1395589563,1,0.1412,95.3300
1395589568,2,6.0920,95.3300
1395589571,2,0.1420,95.3300
1395589571,2,6.0920,95.2200
1395589626,1,6.0920,95.3800
1395589713,2,20.0000,95.2700
1395589713,2,6.1000,95.2700
1395589713,2,167.4800,95.2600
1395589715,1,1.0460,95.3800
1395589740,2,1.0500,95.2600
1395589741,1,10.0000,95.2700
1395589750,2,94.7794,95.2700
1395589848,2,6.2450,95.3000
1395589848,2,243.7550,95.3000
1395589850,1,0.2170,95.3500
1395589850,1,10.0000,95.3600
1395589852,2,6.2450,95.3600
1395589861,2,243.7550,95.3600
1395589869,2,50.0000,95.3600
1395589911,2,195.9156,95.3000
1395589956,1,173.5840,95.3500
1395589987,2,93.0036,95.3600
1395590098,2,173.5840,95.3500
1395590104,2,173.6200,95.3300
1395590104,2,326.3800,95.3200
1395590110,2,173.6200,95.3200
1395590127,1,500.0000,95.3200
1395590173,1,0.0200,95.3200
1395590184,1,16.4670,95.3200
1395590302,1,166.7375,95.3200
1395590478,1,66.7755,95.3200
1395590488,2,183.7020,95.3000
1395590515,1,0.0200,95.3100
1395590535,2,192.5410,95.3000
1395590552,2,0.4660,95.2900
1395590553,1,0.0100,95.3000
1395590577,2,0.0200,95.2900
1395590583,2,41.2066,95.2900
1395590585,2,0.0200,95.2900
1395590630,2,0.0240,95.2900
1395590638,1,0.0505,95.3000
1395590643,1,0.0100,95.3000
1395590653,2,0.0167,95.2900
1395590655,1,9.9395,95.3000
1395590727,1,10.0000,95.3800
1395590738,2,10.0000,95.3000
1395590823,1,0.0100,95.3700
1395590840,2,84.5645,95.3000
1395590840,2,10.0000,95.3000
1395590840,2,32.3417,95.3000
1395590851,1,23.0888,95.3000
1395590868,1,0.0100,95.3700
1395590885,2,100.0000,95.2900
1395590886,1,0.0160,95.3700
1395590900,2,25.0000,95.2900
1395590916,1,0.0100,95.3500
1395590930,1,0.0100,95.3500
1395590950,2,0.0200,95.3000
1395590950,2,0.0291,95.2900
1395590950,2,166.6884,95.2900
1395590951,1,0.0100,95.3700
1395590970,1,0.0100,95.3000
1395590977,2,60.0000,95.2900
1395590986,1,0.0100,95.3000
1395591006,1,0.0100,95.3000
1395591029,1,0.0700,95.3000
1395591029,1,9.9931,95.3700
1395591029,1,9.0853,95.3700
1395591050,2,1.0000,95.3000
1395591182,2,10.0104,95.3000
1395591182,2,1.0001,95.3000
1395591182,2,7.1395,95.3000
1395591199,2,0.9605,95.3000
1395591218,2,18.1879,95.2900
1395591303,2,88.3871,95.2900
1395591378,2,1.0000,95.2800
1395591378,2,0.2100,95.2800
1395591378,2,98.7900,95.2700
1395591578,1,100.0000,95.3000
1395591592,1,49.9950,95.3000
1395591714,1,0.0100,95.3000
1395591714,1,173.6247,95.3400
1395591714,1,126.8457,95.3500
1395591714,1,10.0104,95.3600
1395591714,1,10.0000,95.4000
1395591714,1,470.5510,95.4000
1395591725,2,30.0000,95.4100
1395591730,2,30.0000,95.4100
1395591738,2,30.0000,95.4100
1395591747,2,2.0000,95.4100
1395591749,2,30.0000,95.4100
1395591755,2,10.0052,95.4100
1395591755,2,19.9948,95.4100
1395591782,2,31.5052,95.4100
1395591782,2,68.4948,95.4000
1395591826,2,140.4634,95.4000
1395591879,2,64.1469,95.3000
1395591879,2,10.0105,95.3000
1395591907,1,49.9950,95.3800
1395591907,1,165.5915,95.3900
1395592033,1,5.2394,95.3900
1395592110,1,10.0052,95.3900
1395592110,1,2.6691,95.3900
1395592168,1,132.2233,95.4000
1395592292,1,100.0000,95.4800
1395592354,1,100.0000,95.4900
1395592354,1,0.4741,95.5000
1395592354,1,1.6549,95.5000
1395592354,1,297.8710,95.5000
1395592374,1,82.6285,95.5000
1395592374,1,317.3715,95.5000
1395592406,1,11.0000,95.4900
1395592406,1,10.0000,95.5000
1395592406,1,679.0000,95.5000
1395592432,2,8.0000,95.3100
1395592924,2,8.0000,95.3100
1395592927,1,149.9950,95.3200
1395592961,1,40.0000,95.3500
1395592973,1,8.0000,95.3500
1395593021,2,7.1369,95.4400
1395593095,1,7.1369,95.4400
1395593095,1,149.9950,95.4500
1395593107,2,104.8681,95.4500
1395593396,1,0.0200,95.4600
1395594203,2,149.9900,95.3800
1395594279,2,6.2270,95.3800
1395594279,2,13.7730,95.3800
1395594330,2,9.7570,95.3800
1395594397,1,39.6999,95.3800
1395594401,1,42.0000,95.4000
1395594411,2,0.0100,95.4000
1395594564,1,415.8804,95.4700
1395594564,1,173.5200,95.4700
1395594564,1,9.6710,95.4700
1395594564,1,500.0000,95.4800
1395594564,1,20.0000,95.5000
1395594564,1,1013.1044,95.5000
1395594627,1,500.0000,95.5200
1395594627,1,226.9901,95.5200
1395594627,1,39.0000,95.5200
1395594854,2,30.0000,95.4600
1395594976,2,200.0000,95.4600
1395594978,2,5.8491,95.4600
1395594992,1,6.2440,95.5400
1395594992,1,276.8207,95.5400
1395594992,1,293.7560,95.5400
1395595082,1,0.0100,95.5400
1395595206,2,9.6711,95.4700
1395595206,2,264.4652,95.4600
1395595206,2,173.5400,95.4600
1395595210,1,41.0000,95.5100
1395595253,2,0.1000,95.4100
1395595439,2,10.2882,95.4100
1395595439,2,40.9400,95.4100
1395595647,2,30.0000,95.4000
1395595656,2,30.0000,95.4000
1395595667,2,30.0000,95.4000
1395595703,2,199.0000,95.4100
1395595714,1,0.0100,95.4300
1395595725,2,0.0100,95.4100
1395595791,2,1138.5035,95.4100
1395595791,2,481.3043,95.4000
1395595791,2,149.9800,95.4000
1395596001,1,257.6345,95.3900
1395596019,1,251.3795,95.3900
1395596047,1,257.6345,95.4200
1395596093,1,1.0000,95.4800
1395596227,2,1.0000,95.4100
1395596234,2,1.0000,95.4100
1395596370,1,2.0000,95.4800
1395596370,1,172.5800,95.4800
1395596529,1,10.2882,95.5000
1395596529,1,2.0000,95.5500
1395596529,1,480.2815,95.5500
1395596586,2,35.4149,95.4100
1395597047,1,35.4149,95.4900
1395597047,1,214.5851,95.5000
1395597104,1,35.4149,95.5000
1395597131,1,250.0000,95.5000
1395597147,1,250.0000,95.5000
1395597440,1,9.2800,95.4900
1395597499,2,11.6646,95.4900
1395597543,2,20.0000,95.4500
1395597712,2,1.0000,95.4500
1395597718,2,3.4980,95.4500
1395597723,2,22.6010,95.4500
1395597730,2,2.7410,95.4700
1395597736,2,12.6890,95.4700
1395597743,2,12.9560,95.4600
1395597748,2,1.0000,95.4600
1395597771,2,3.0000,95.4600
1395597821,2,1.0000,95.4600
1395597866,2,1.0000,95.4600
1395597898,2,1.1700,95.4600
1395597915,2,1.0000,95.4800
1395597926,2,0.2245,95.4800
1395598046,2,0.2248,95.4000
1395598086,2,10.0000,95.3900
1395598201,1,0.6000,95.5300
1395598203,2,0.6000,95.4200
1395598203,2,0.4000,95.4100
1395598215,2,30.0000,95.5000
1395598220,2,30.0000,95.5000
1395598227,2,30.0000,95.5000
1395598228,2,80.0000,95.5000
1395598233,2,30.0000,95.5000
1395598240,2,30.0000,95.5000
1395598245,2,7.1760,95.3900
1395598245,2,0.0100,95.3800
1395598245,2,22.8140,95.3700
1395598386,2,15.0000,95.4000
1395598509,2,5.0000,95.4000
1395598549,2,12.0000,95.3900
1395598834,1,78.1805,95.4900
1395598834,1,71.8195,95.5000
1395598949,1,9.3400,95.4500
1395598963,1,30.0000,95.4500
1395599169,2,78.2200,95.4400
1395599172,1,6.2520,95.4400
1395599211,2,17.0105,95.4000
1395599214,1,15.3600,95.4000
1395599238,1,11.6295,95.4000
1395599265,2,18.3172,95.4000
1395599265,2,28.5555,95.3700
1395599270,1,2.0500,95.3700
1395599274,1,1.0773,95.3700
1395599274,1,1.0907,95.4300
1395599334,1,1.0000,95.4300
1395599341,1,1.0000,95.4300
1395599431,1,4.7500,95.4300
1395599434,1,5.0000,95.5400
1395599882,1,0.3780,95.4000
1395599888,1,29.2175,95.4000
1395599905,2,100.0000,95.4000
1395600030,1,5.0000,95.4500
1395600990,2,0.0100,95.4200
1395601118,2,0.0100,95.5600
1395601203,2,1.1839,95.4600
1395601231,1,0.0100,95.5700
1395601576,1,0.1000,95.5600
1395601925,2,0.0100,95.5100
1395601962,1,0.0100,95.5600
1395602152,1,0.0226,95.5600
1395603731,1,52.1000,95.5600
1395603821,1,1.0000,95.5600
1395603826,1,1.0000,95.5600
1395603898,1,2.0000,95.5600
1395603907,1,2.0000,95.5600
1395603912,1,2.0000,95.5600
1395603917,1,2.0000,95.5600
1395603925,1,2.0000,95.5600
1395603930,1,1.9264,95.5600
1395603930,1,0.0736,95.5700
1395603938,1,1.1720,95.5700
1395604050,1,2.0000,95.5700
1395604055,1,2.0000,95.5700
1395604059,1,2.0000,95.5700
1395604064,1,2.0000,95.5700
1395604069,1,2.0000,95.5700
1395604073,1,2.0000,95.5700
1395604080,1,2.0000,95.5700
1395604086,1,0.2916,95.5700
1395604086,1,1.7084,95.5700
1395604092,1,2.0000,95.5700
1395604097,1,2.0000,95.5700
1395604103,1,2.0000,95.5700
1395604108,1,0.5910,95.5700
1395604169,1,2.0000,95.5700
1395604173,1,2.0000,95.5700
1395604179,1,2.0000,95.5700
1395604183,1,2.0000,95.5700
1395604188,1,2.0000,95.5700
1395604192,1,30.0000,95.5700
1395604193,1,2.0000,95.5700
1395604197,1,1.4914,95.5700
1395604197,1,1.1739,95.5700
1395604197,1,27.3347,95.5700
1395604198,1,2.0000,95.5700
1395604202,1,2.0000,95.5700
1395604204,1,7.4300,95.5700
1395604212,1,1.1730,95.5700
1395604215,1,1.1730,95.5700
1395604753,2,1.1800,95.5200
1395604753,2,1.1700,95.5200
1395604753,2,7.4300,95.5200
1395604753,2,2.0000,95.5200
1395604753,2,30.5400,95.5100
1395604753,2,87.6800,95.5100
1395604993,1,1.0000,95.5700
1395604999,1,1.0000,95.5700
1395605126,1,15.7200,95.5400
1395605135,1,30.0000,95.5800
1395605191,1,30.0000,95.5500
1395605191,1,120.0000,95.5500
1395605192,2,30.0000,95.5500
1395605196,1,30.0000,95.5800
1395605309,1,1.3730,95.5700
1395605376,1,0.1000,95.5700
1395605378,1,2.0000,95.5700
1395605391,2,0.1000,95.4600
1395605403,1,0.1000,95.5600
1395605410,1,30.0000,95.5700
1395605417,1,1.1520,95.5700
1395605417,1,28.8480,95.5700
1395605422,1,30.0000,95.5700
1395605428,1,25.3270,95.5700
1395605433,1,0.0006,95.5700
1395605433,1,25.3264,95.5800
1395605438,1,30.0000,95.5800
1395605443,1,30.0000,95.5800
1395605450,1,30.0000,95.5800
1395605456,1,30.0000,95.5800
1395605461,1,30.0000,95.5800
1395605467,1,30.0000,95.5800
1395605472,1,29.6736,95.5800
1395605472,1,0.0200,95.6000
1395605472,1,0.3064,95.6000
1395605555,2,100.0000,95.4900
1395605711,1,1.0000,95.5900
1395605779,1,1.0000,95.5900
1395606477,1,0.5000,95.5900
1395606477,1,9.7041,95.6000
1395606915,1,4.5900,95.6100
1395606929,1,38.5041,95.6100
1395606986,2,21.7200,95.6100
1395607013,2,1.1440,95.6100
1395607600,2,0.0003,95.6100
1395607733,2,18.4400,95.5100
1395607743,1,7.4370,95.5000
1395607834,2,0.0500,95.4600
1395607885,1,2.9260,95.5000
1395608236,2,2.9300,95.4600
1395608236,2,7.4400,95.4600
1395608236,2,55.3800,95.4600
1395608236,2,115.8097,95.4500
1395608362,2,6.2100,95.4500
1395608362,2,93.7900,95.4500
1395609201,2,13.5163,95.4500
1395609232,1,2.2000,95.4400
1395609384,1,1.0000,95.4300
1395609592,2,5.0000,95.3700
1395609600,1,28.6490,95.3700
1395609620,1,51.0892,95.3700
1395609620,1,2.9516,95.4300
1395612120,1,0.0100,95.5300
1395612206,1,0.0100,95.5300
1395612614,2,0.1000,95.4200
1395612733,2,9.9000,95.4200
1395612733,2,2.2200,95.4100
1395612733,2,100.0000,95.4000
1395613159,1,0.0689,95.5100
1395613357,1,0.0100,95.5100
1395613384,2,0.6500,95.3700
1395613384,2,14.9784,95.3600
1395613511,2,0.8951,95.3100
1395613511,2,2.1049,95.3000
1395613628,2,31.8355,95.3000
1395613906,2,65.0000,95.3000
1395613965,2,100.0000,95.3000
1395613971,2,9.3707,95.3000
1395613978,1,9.4300,95.3000
1395614015,1,0.4700,95.3000
1395615186,2,1.0000,95.3200
1395616262,2,26.0571,95.3100
1395616262,2,10.0000,95.3000
1395616262,2,2.0000,95.2900
1395616262,2,0.1274,95.2800
1395616262,2,41.9453,95.2800
1395616262,2,300.0000,95.2700
1395616280,1,103.2000,95.2700
1395616318,2,210.1954,95.2600
1395616355,2,100.0000,95.2600
1395616403,1,6.1810,95.5500
1395616403,1,19.8761,95.5500
1395616440,1,30.0000,95.5000
1395616518,2,0.1000,95.5200
1395616768,2,0.0100,95.3200
1395616769,1,6.2750,95.3200
1395616857,2,40.0000,95.3100
1395616857,2,0.1000,95.3100
1395616857,2,9.9000,95.3000
1395616990,2,10.1729,95.3000
1395616990,2,39.8271,95.3000
1395617003,1,0.0100,95.3100
1395617051,1,10.0000,95.4000
1395617071,1,0.1000,95.4700
1395617071,2,6.2750,95.4700
1395617312,1,150.0000,95.3900
1395617342,1,23.7270,95.3900
1395617346,2,6.3750,95.3200
1395617353,1,6.3750,95.3900
1395617362,2,6.3750,95.3900
1395617362,2,3.6250,95.3900
1395617374,1,150.0000,95.4000
1395617389,1,150.0000,95.4000
1395617539,1,0.4822,95.4900
1395617640,1,150.0000,95.4900
1395617703,1,175.6300,95.4900
1395617899,2,0.0100,95.3400
1395617989,1,187.9900,95.4800
1395617999,2,6.2730,95.3400
1395617999,2,44.2037,95.3300
1395617999,2,6.3800,95.3200
1395617999,2,7.9042,95.3200
1395618001,1,12.0100,95.4800
1395618206,2,0.0100,95.3200
1395618231,2,1.0000,95.3200
1395618606,1,6.2830,95.4400
1395618641,1,7.7920,95.4700
1395618659,2,3.7170,95.4400
1395618989,2,44.4058,95.3200
1395618989,2,6.2910,95.3200
1395618989,2,5.2845,95.3200
